adversarial_fraction,governance,population_size,seed,mixture_label,regime,acceptance_rate,toxicity,quality_gap,welfare
0.0,none,4,42,honest_1.00_adv_0.00,cooperative,1.0,0.1838409441024352,0.0,4.079899796383527
0.0,none,4,123,honest_1.00_adv_0.00,cooperative,1.0,0.254661686705832,0.0,4.842426240679216
0.0,none,4,456,honest_1.00_adv_0.00,cooperative,1.0,0.2527395887702907,0.0,5.135576095608641
0.0,none,4,789,honest_1.00_adv_0.00,cooperative,1.0,0.24629457815570122,0.0,6.1691282832939
0.0,none,4,1001,honest_1.00_adv_0.00,cooperative,1.0,0.24770086123104926,0.0,5.868985471513575
0.0,none,8,42,honest_1.00_adv_0.00,cooperative,1.0,0.25189196620044785,0.0,8.809325691656447
0.0,none,8,123,honest_1.00_adv_0.00,cooperative,1.0,0.24475902776753278,0.0,11.26890999864871
0.0,none,8,456,honest_1.00_adv_0.00,cooperative,1.0,0.25828778839547417,0.0,10.274245662101057
0.0,none,8,789,honest_1.00_adv_0.00,cooperative,1.0,0.25423228957532173,0.0,10.772864479528373
0.0,none,8,1001,honest_1.00_adv_0.00,cooperative,1.0,0.25826555526474193,0.0,9.899831519101925
0.0,none,16,42,honest_1.00_adv_0.00,cooperative,1.0,0.2517884844490165,0.0,19.733090772747996
0.0,none,16,123,honest_1.00_adv_0.00,cooperative,1.0,0.25525962681214126,0.0,18.83016222879183
0.0,none,16,456,honest_1.00_adv_0.00,cooperative,1.0,0.25035249970040324,0.0,21.588650526426566
0.0,none,16,789,honest_1.00_adv_0.00,cooperative,1.0,0.24887189436723567,0.0,22.661974849563165
0.0,none,16,1001,honest_1.00_adv_0.00,cooperative,1.0,0.2480293929941844,0.0,19.906779966803445
0.0,none,32,42,honest_1.00_adv_0.00,cooperative,1.0,0.24688145613448964,0.0,29.24763260196494
0.0,none,32,123,honest_1.00_adv_0.00,cooperative,1.0,0.24537848310321977,0.0,28.70373637974578
0.0,none,32,456,honest_1.00_adv_0.00,cooperative,1.0,0.2473861135554735,0.0,29.059893016991165
0.0,none,32,789,honest_1.00_adv_0.00,cooperative,1.0,0.25367827761617406,0.0,25.923693929054725
0.0,none,32,1001,honest_1.00_adv_0.00,cooperative,1.0,0.2565096425912618,0.0,26.521596997920465
0.0,basic,4,42,honest_1.00_adv_0.00,cooperative,1.0,0.19218895429387683,0.0,3.3900154026629465
0.0,basic,4,123,honest_1.00_adv_0.00,cooperative,1.0,0.25253963266056617,0.0,4.487681734579976
0.0,basic,4,456,honest_1.00_adv_0.00,cooperative,1.0,0.2674825443580215,0.0,5.023992524017987
0.0,basic,4,789,honest_1.00_adv_0.00,cooperative,1.0,0.19484120685873027,0.0,3.3070752611012817
0.0,basic,4,1001,honest_1.00_adv_0.00,cooperative,1.0,0.23581386967774634,0.0,4.3241945799053605
0.0,basic,8,42,honest_1.00_adv_0.00,cooperative,1.0,0.255119774584489,0.0,9.647466195877985
0.0,basic,8,123,honest_1.00_adv_0.00,cooperative,1.0,0.2465202686114412,0.0,11.359830620898947
0.0,basic,8,456,honest_1.00_adv_0.00,cooperative,1.0,0.2588501801776042,0.0,11.639837145233365
0.0,basic,8,789,honest_1.00_adv_0.00,cooperative,1.0,0.2546790351349901,0.0,10.193657597190922
0.0,basic,8,1001,honest_1.00_adv_0.00,cooperative,1.0,0.24981428113757587,0.0,10.648908603461171
0.0,basic,16,42,honest_1.00_adv_0.00,cooperative,1.0,0.2514639167913016,0.0,18.444211213466843
0.0,basic,16,123,honest_1.00_adv_0.00,cooperative,1.0,0.2544454430140936,0.0,22.189939945120503
0.0,basic,16,456,honest_1.00_adv_0.00,cooperative,1.0,0.25173669765150813,0.0,22.24479703763158
0.0,basic,16,789,honest_1.00_adv_0.00,cooperative,1.0,0.2521206716053405,0.0,21.04536048741836
0.0,basic,16,1001,honest_1.00_adv_0.00,cooperative,1.0,0.2482392089066493,0.0,22.280059962069362
0.0,basic,32,42,honest_1.00_adv_0.00,cooperative,1.0,0.24710978598665348,0.0,28.725626461566275
0.0,basic,32,123,honest_1.00_adv_0.00,cooperative,1.0,0.2482596046263457,0.0,27.516869775791147
0.0,basic,32,456,honest_1.00_adv_0.00,cooperative,1.0,0.24736227435981958,0.0,27.59958886387363
0.0,basic,32,789,honest_1.00_adv_0.00,cooperative,1.0,0.2520508988095206,0.0,28.765446051295328
0.0,basic,32,1001,honest_1.00_adv_0.00,cooperative,1.0,0.2551284845179297,0.0,25.89969833826092
0.0,moderate,4,42,honest_1.00_adv_0.00,cooperative,1.0,0.2430969581056445,0.0,5.20054949309982
0.0,moderate,4,123,honest_1.00_adv_0.00,cooperative,1.0,0.2545959764311782,0.0,3.9241736051825398
0.0,moderate,4,456,honest_1.00_adv_0.00,cooperative,1.0,0.257144130833535,0.0,4.8053809075657385
0.0,moderate,4,789,honest_1.00_adv_0.00,cooperative,1.0,0.252489911541545,0.0,4.889092157008988
0.0,moderate,4,1001,honest_1.00_adv_0.00,cooperative,1.0,0.242274199151882,0.0,4.944558582804482
0.0,moderate,8,42,honest_1.00_adv_0.00,cooperative,1.0,0.25988730539278543,0.0,9.228425748118921
0.0,moderate,8,123,honest_1.00_adv_0.00,cooperative,1.0,0.24509935595506127,0.0,9.714809571154818
0.0,moderate,8,456,honest_1.00_adv_0.00,cooperative,1.0,0.2520506324673781,0.0,10.576760731537952
0.0,moderate,8,789,honest_1.00_adv_0.00,cooperative,1.0,0.266401726863215,0.0,8.147393503704949
0.0,moderate,8,1001,honest_1.00_adv_0.00,cooperative,1.0,0.25620216885664404,0.0,11.675678332004509
0.0,moderate,16,42,honest_1.00_adv_0.00,cooperative,1.0,0.24995724603313127,0.0,19.52443347667253
0.0,moderate,16,123,honest_1.00_adv_0.00,cooperative,1.0,0.2548125308442528,0.0,18.65298836749151
0.0,moderate,16,456,honest_1.00_adv_0.00,cooperative,1.0,0.2497237613621245,0.0,19.11974952897039
0.0,moderate,16,789,honest_1.00_adv_0.00,cooperative,1.0,0.25328440851644113,0.0,21.10510675643866
0.0,moderate,16,1001,honest_1.00_adv_0.00,cooperative,1.0,0.24220321991683402,0.0,19.214718243608996
0.0,moderate,32,42,honest_1.00_adv_0.00,cooperative,1.0,0.24457236036052313,0.0,25.435080615927053
0.0,moderate,32,123,honest_1.00_adv_0.00,cooperative,1.0,0.24579884008253952,0.0,27.59937472821718
0.0,moderate,32,456,honest_1.00_adv_0.00,cooperative,1.0,0.2483576097775265,0.0,26.459663837465214
0.0,moderate,32,789,honest_1.00_adv_0.00,cooperative,1.0,0.25303461377526465,0.0,26.23185517854323
0.0,moderate,32,1001,honest_1.00_adv_0.00,cooperative,1.0,0.2567869044373974,0.0,24.300025179561924
0.0,full,4,42,honest_1.00_adv_0.00,cooperative,1.0,0.26203540452888857,0.0,4.547880222486184
0.0,full,4,123,honest_1.00_adv_0.00,cooperative,1.0,0.24972148610183784,0.0,2.5417089550045397
0.0,full,4,456,honest_1.00_adv_0.00,cooperative,1.0,0.27563891023230863,0.0,2.4548987077570525
0.0,full,4,789,honest_1.00_adv_0.00,cooperative,1.0,0.2816026683575807,0.0,3.640974565263173
0.0,full,4,1001,honest_1.00_adv_0.00,cooperative,1.0,0.26069491716166193,0.0,4.208094322236995
0.0,full,8,42,honest_1.00_adv_0.00,cooperative,1.0,0.3030412322360803,0.0,5.9401484949693595
0.0,full,8,123,honest_1.00_adv_0.00,cooperative,1.0,0.29323108214978894,0.0,7.037616113600206
0.0,full,8,456,honest_1.00_adv_0.00,cooperative,1.0,0.2927046838781447,0.0,6.391288117222149
0.0,full,8,789,honest_1.00_adv_0.00,cooperative,1.0,0.3051162115254248,0.0,6.403296740241575
0.0,full,8,1001,honest_1.00_adv_0.00,cooperative,1.0,0.30806547938620904,0.0,7.57894490236902
0.0,full,16,42,honest_1.00_adv_0.00,cooperative,1.0,0.30245312625067605,0.0,14.610312892466377
0.0,full,16,123,honest_1.00_adv_0.00,cooperative,1.0,0.29746327493494723,0.0,15.96155416361375
0.0,full,16,456,honest_1.00_adv_0.00,cooperative,1.0,0.2961447914526059,0.0,15.998583059795997
0.0,full,16,789,honest_1.00_adv_0.00,cooperative,1.0,0.28938030799248704,0.0,12.597746928450553
0.0,full,16,1001,honest_1.00_adv_0.00,cooperative,1.0,0.2950452042925012,0.0,18.30336884652912
0.0,full,32,42,honest_1.00_adv_0.00,cooperative,1.0,0.29312536413234763,0.0,20.86885161710121
0.0,full,32,123,honest_1.00_adv_0.00,cooperative,1.0,0.2920793316153281,0.0,23.240209311001355
0.0,full,32,456,honest_1.00_adv_0.00,cooperative,1.0,0.28291229569361415,0.0,24.463779061719197
0.0,full,32,789,honest_1.00_adv_0.00,cooperative,1.0,0.28858076966461305,0.0,21.775915461387658
0.0,full,32,1001,honest_1.00_adv_0.00,cooperative,1.0,0.2951792555482753,0.0,22.642581760663973
0.05,none,4,42,honest_0.95_adv_0.05,contested,0.7368421052631579,0.39973301232558606,0.1966160089450452,3.0688147879414274
0.05,none,4,123,honest_0.95_adv_0.05,cooperative,1.0,0.26543224445136177,0.0,5.077983569468722
0.05,none,4,456,honest_0.95_adv_0.05,cooperative,1.0,0.26262037633383156,0.0,6.7141886084333064
0.05,none,4,789,honest_0.95_adv_0.05,cooperative,1.0,0.25040119024336144,0.0,4.169814293043294
0.05,none,4,1001,honest_0.95_adv_0.05,cooperative,1.0,0.2684603950326989,0.0,5.110852851133589
0.05,none,8,42,honest_0.95_adv_0.05,cooperative,0.9726027397260274,0.33402945449028093,0.05507364785386241,10.284215539263812
0.05,none,8,123,honest_0.95_adv_0.05,contested,0.7627118644067796,0.29017533372763676,0.28670774357064827,7.4719149916023015
0.05,none,8,456,honest_0.95_adv_0.05,cooperative,1.0,0.2599046469551487,0.0,11.186835081489681
0.05,none,8,789,honest_0.95_adv_0.05,cooperative,1.0,0.255932517540904,0.0,12.403927558021358
0.05,none,8,1001,honest_0.95_adv_0.05,cooperative,1.0,0.26092084438597585,0.0,10.140193849449174
0.05,none,16,42,honest_0.95_adv_0.05,contested,0.7791411042944786,0.34264154823786525,0.2371870881100573,17.808247488935418
0.05,none,16,123,honest_0.95_adv_0.05,contested,0.8091603053435115,0.3013614799206859,0.2980432339921068,17.099722311743424
0.05,none,16,456,honest_0.95_adv_0.05,cooperative,1.0,0.24836511054834354,0.0,24.261641380820816
0.05,none,16,789,honest_0.95_adv_0.05,cooperative,1.0,0.2510121288537712,0.0,20.582508368399758
0.05,none,16,1001,honest_0.95_adv_0.05,cooperative,1.0,0.24399169169512377,0.0,20.72580683212293
0.05,none,32,42,honest_0.95_adv_0.05,contested,0.7602040816326531,0.3224752755442867,0.26983321966408114,22.622220286324943
0.05,none,32,123,honest_0.95_adv_0.05,cooperative,0.8780487804878049,0.2991142639374683,0.27695145702941104,23.696786872680836
0.05,none,32,456,honest_0.95_adv_0.05,cooperative,1.0,0.24892650635809058,0.0,27.291697555162514
0.05,none,32,789,honest_0.95_adv_0.05,cooperative,1.0,0.2577486533178086,0.0,27.16298808071576
0.05,none,32,1001,honest_0.95_adv_0.05,cooperative,1.0,0.26026151221089394,0.0,27.203489527033955
0.05,basic,4,42,honest_0.95_adv_0.05,contested,0.8157894736842105,0.3718944245246323,0.22495876491295286,3.5191462276139114
0.05,basic,4,123,honest_0.95_adv_0.05,cooperative,1.0,0.25954509218478156,0.0,6.177945994144975
0.05,basic,4,456,honest_0.95_adv_0.05,cooperative,1.0,0.27383528465733764,0.0,4.766558308243197
0.05,basic,4,789,honest_0.95_adv_0.05,cooperative,1.0,0.2586734496170197,0.0,3.355112228408508
0.05,basic,4,1001,honest_0.95_adv_0.05,cooperative,1.0,0.23494342114595393,0.0,4.7104215861148395
0.05,basic,8,42,honest_0.95_adv_0.05,cooperative,0.9375,0.3297712099143207,0.14610547831979434,8.429420836999787
0.05,basic,8,123,honest_0.95_adv_0.05,contested,0.75,0.281315035347437,0.32234620697270927,7.721684613017054
0.05,basic,8,456,honest_0.95_adv_0.05,cooperative,1.0,0.25747856082170234,0.0,10.997589843581695
0.05,basic,8,789,honest_0.95_adv_0.05,cooperative,1.0,0.2607798012232854,0.0,10.151780422647045
0.05,basic,8,1001,honest_0.95_adv_0.05,cooperative,1.0,0.2557958750967943,0.0,10.026048383972514
0.05,basic,16,42,honest_0.95_adv_0.05,contested,0.7928571428571428,0.3466406993836641,0.2629673972537609,14.525046083490295
0.05,basic,16,123,honest_0.95_adv_0.05,contested,0.8137931034482758,0.30855831858836275,0.2825839654122985,17.70950504294605
0.05,basic,16,456,honest_0.95_adv_0.05,cooperative,1.0,0.24818543704293125,0.0,18.997256060751052
0.05,basic,16,789,honest_0.95_adv_0.05,cooperative,1.0,0.2538408955093819,0.0,20.16399994072473
0.05,basic,16,1001,honest_0.95_adv_0.05,cooperative,1.0,0.2538261385724074,0.0,19.086404982159358
0.05,basic,32,42,honest_0.95_adv_0.05,contested,0.7743589743589744,0.3266169286091053,0.2641793105058951,21.464857828301266
0.05,basic,32,123,honest_0.95_adv_0.05,cooperative,0.8654970760233918,0.2842350475401998,0.293398249741184,24.45900631330961
0.05,basic,32,456,honest_0.95_adv_0.05,cooperative,1.0,0.24574527732701446,0.0,25.755494756139385
0.05,basic,32,789,honest_0.95_adv_0.05,cooperative,1.0,0.2566569192993018,0.0,25.73459837808886
0.05,basic,32,1001,honest_0.95_adv_0.05,cooperative,1.0,0.25454382716278684,0.0,21.998127105803885
0.05,moderate,4,42,honest_0.95_adv_0.05,cooperative,1.0,0.2700656193537245,0.0,4.492541857700997
0.05,moderate,4,123,honest_0.95_adv_0.05,cooperative,1.0,0.2633459617905914,0.0,5.195614366561549
0.05,moderate,4,456,honest_0.95_adv_0.05,cooperative,1.0,0.2643978645254453,0.0,4.469772201710227
0.05,moderate,4,789,honest_0.95_adv_0.05,cooperative,1.0,0.25641107422035586,0.0,6.000901597801938
0.05,moderate,4,1001,honest_0.95_adv_0.05,cooperative,1.0,0.25016055738647075,0.0,6.970020109142858
0.05,moderate,8,42,honest_0.95_adv_0.05,cooperative,1.0,0.2819417295648981,0.0,9.29441292606674
0.05,moderate,8,123,honest_0.95_adv_0.05,cooperative,0.96,0.26331718915016245,0.05419745342851534,8.188441722892724
0.05,moderate,8,456,honest_0.95_adv_0.05,cooperative,1.0,0.2571189576334016,0.0,11.906084771780987
0.05,moderate,8,789,honest_0.95_adv_0.05,cooperative,1.0,0.2615829299504513,0.0,8.530168628602478
0.05,moderate,8,1001,honest_0.95_adv_0.05,cooperative,1.0,0.2570970647278242,0.0,9.959500873516253
0.05,moderate,16,42,honest_0.95_adv_0.05,cooperative,0.9591836734693877,0.28402228941849206,0.08450377782204861,14.516220144038028
0.05,moderate,16,123,honest_0.95_adv_0.05,cooperative,0.97,0.2693786021856262,0.10485945585536433,16.049821502608467
0.05,moderate,16,456,honest_0.95_adv_0.05,cooperative,1.0,0.2526749471961414,0.0,23.10056212141386
0.05,moderate,16,789,honest_0.95_adv_0.05,cooperative,1.0,0.24999344091855535,0.0,21.579459973855233
0.05,moderate,16,1001,honest_0.95_adv_0.05,cooperative,1.0,0.25187818935451367,0.0,20.69157776064128
0.05,moderate,32,42,honest_0.95_adv_0.05,cooperative,0.9810126582278481,0.28312771260867753,0.10030124573822545,24.68757238692261
0.05,moderate,32,123,honest_0.95_adv_0.05,cooperative,0.9862068965517241,0.2624356805029295,0.05354758850152055,24.013944353965424
0.05,moderate,32,456,honest_0.95_adv_0.05,cooperative,1.0,0.2465862386035226,0.0,23.790592093392963
0.05,moderate,32,789,honest_0.95_adv_0.05,cooperative,1.0,0.253070275331787,0.0,21.799262216928096
0.05,moderate,32,1001,honest_0.95_adv_0.05,cooperative,1.0,0.25490841684156834,0.0,23.98179099222507
0.05,full,4,42,honest_0.95_adv_0.05,contested,0.7692307692307693,0.21482425574605682,0.07473976641307874,1.2739723276103354
0.05,full,4,123,honest_0.95_adv_0.05,cooperative,1.0,0.29761857974732653,0.0,3.727883337045764
0.05,full,4,456,honest_0.95_adv_0.05,cooperative,1.0,0.31062629303963973,0.0,3.144277004542212
0.05,full,4,789,honest_0.95_adv_0.05,cooperative,1.0,0.30702785459723575,0.0,3.242052893647916
0.05,full,4,1001,honest_0.95_adv_0.05,cooperative,1.0,0.2105931693746581,0.0,1.6431226770504865
0.05,full,8,42,honest_0.95_adv_0.05,cooperative,0.96,0.31939721249944447,0.05669028904367396,6.18538579103074
0.05,full,8,123,honest_0.95_adv_0.05,cooperative,0.9629629629629629,0.32290926479623355,0.053734252405731535,6.843630822402139
0.05,full,8,456,honest_0.95_adv_0.05,cooperative,1.0,0.3095729673963334,0.0,6.589941929925331
0.05,full,8,789,honest_0.95_adv_0.05,cooperative,1.0,0.3023405880196594,0.0,7.113265654452396
0.05,full,8,1001,honest_0.95_adv_0.05,cooperative,1.0,0.313589365556616,0.0,4.590044448446102
0.05,full,16,42,honest_0.95_adv_0.05,cooperative,0.9662921348314607,0.3358453419654946,0.07449641964559364,10.397821226004437
0.05,full,16,123,honest_0.95_adv_0.05,cooperative,0.9789473684210527,0.3206336555275028,0.039967095164386644,11.99601991159308
0.05,full,16,456,honest_0.95_adv_0.05,cooperative,1.0,0.29196509227550466,0.0,15.99735838106357
0.05,full,16,789,honest_0.95_adv_0.05,cooperative,1.0,0.2881860497060424,0.0,15.335741426228074
0.05,full,16,1001,honest_0.95_adv_0.05,cooperative,1.0,0.29741785763289824,0.0,14.750073796420722
0.05,full,32,42,honest_0.95_adv_0.05,cooperative,0.9873417721518988,0.32559358913418807,0.061280505969759536,20.05997023859537
0.05,full,32,123,honest_0.95_adv_0.05,cooperative,0.9795918367346939,0.3072355236858246,0.04765767730140644,19.711998870637803
0.05,full,32,456,honest_0.95_adv_0.05,cooperative,1.0,0.2920413570920343,0.0,22.355499457189524
0.05,full,32,789,honest_0.95_adv_0.05,cooperative,1.0,0.2861101859937385,0.0,20.687437381440258
0.05,full,32,1001,honest_0.95_adv_0.05,cooperative,1.0,0.2995959375846713,0.0,20.363557828675702
0.1,none,4,42,honest_0.90_adv_0.10,contested,0.7948717948717948,0.3778055599482086,0.22347470193479135,3.9437539661605356
0.1,none,4,123,honest_0.90_adv_0.10,cooperative,0.8958333333333334,0.4997118462959618,0.06979634912020492,2.004917078720641
0.1,none,4,456,honest_0.90_adv_0.10,cooperative,1.0,0.2204410797211418,0.0,5.905748818259917
0.1,none,4,789,honest_0.90_adv_0.10,cooperative,1.0,0.24940133570951828,0.0,5.129168036317085
0.1,none,4,1001,honest_0.90_adv_0.10,contested,0.7941176470588235,0.42559770282961645,0.11899370522556237,2.8573986169954697
0.1,none,8,42,honest_0.90_adv_0.10,contested,0.7349397590361446,0.3223726145420911,0.28071433117421346,9.301212469602024
0.1,none,8,123,honest_0.90_adv_0.10,cooperative,0.8602150537634409,0.4665364687608616,0.11832770555175788,5.499445098169818
0.1,none,8,456,honest_0.90_adv_0.10,cooperative,1.0,0.25546008658180885,0.0,9.033731937499871
0.1,none,8,789,honest_0.90_adv_0.10,cooperative,1.0,0.2528666111459888,0.0,11.346835913101046
0.1,none,8,1001,honest_0.90_adv_0.10,contested,0.8314606741573034,0.3608154905786911,0.213917973899439,9.662945739196203
0.1,none,16,42,honest_0.90_adv_0.10,contested,0.7357142857142858,0.3493981452981214,0.2545251354859706,13.860294480991067
0.1,none,16,123,honest_0.90_adv_0.10,contested,0.6906077348066298,0.39270243708964764,0.2066006969681848,14.004024546217034
0.1,none,16,456,honest_0.90_adv_0.10,cooperative,1.0,0.2466344365138143,0.0,19.896371315271022
0.1,none,16,789,honest_0.90_adv_0.10,cooperative,1.0,0.24634161895748874,0.0,19.352509914414636
0.1,none,16,1001,honest_0.90_adv_0.10,cooperative,0.8561643835616438,0.35290173349596393,0.2420651787568033,16.906838187545265
0.1,none,32,42,honest_0.90_adv_0.10,contested,0.6861702127659575,0.3376272914044203,0.2488833735858479,18.581541475356435
0.1,none,32,123,honest_0.90_adv_0.10,contested,0.625615763546798,0.339533992541607,0.24635309700673402,17.87310899863277
0.1,none,32,456,honest_0.90_adv_0.10,cooperative,1.0,0.24675799569060478,0.0,28.364271156682932
0.1,none,32,789,honest_0.90_adv_0.10,cooperative,1.0,0.2506571414697549,0.0,29.482331586104404
0.1,none,32,1001,honest_0.90_adv_0.10,cooperative,0.8587570621468926,0.33558238194048157,0.24836793036331226,21.986424937552695
0.1,basic,4,42,honest_0.90_adv_0.10,cooperative,0.9,0.4237116832202567,0.08657817044987554,3.4316050259618733
0.1,basic,4,123,honest_0.90_adv_0.10,collapse,0.9387755102040817,0.5077411709535601,0.026270611527354788,1.8304101321324773
0.1,basic,4,456,honest_0.90_adv_0.10,cooperative,1.0,0.253019920336919,0.0,5.561580908114794
0.1,basic,4,789,honest_0.90_adv_0.10,cooperative,1.0,0.24426721182951242,0.0,4.770755574379512
0.1,basic,4,1001,honest_0.90_adv_0.10,cooperative,0.918918918918919,0.3984426503739102,0.10499542202108869,3.450273987378599
0.1,basic,8,42,honest_0.90_adv_0.10,contested,0.6470588235294118,0.3928742696257373,0.20089241393243143,4.795311094440123
0.1,basic,8,123,honest_0.90_adv_0.10,contested,0.84375,0.43737888503499106,0.15928742242024574,6.628994138088081
0.1,basic,8,456,honest_0.90_adv_0.10,cooperative,1.0,0.2565840786092122,0.0,9.9628057380606
0.1,basic,8,789,honest_0.90_adv_0.10,cooperative,1.0,0.25150742021827854,0.0,10.045410984568932
0.1,basic,8,1001,honest_0.90_adv_0.10,contested,0.8,0.3946274013224255,0.17013984485391612,6.607075424000276
0.1,basic,16,42,honest_0.90_adv_0.10,contested,0.7453416149068323,0.36688495802254434,0.23339870001963736,14.112700850817404
0.1,basic,16,123,honest_0.90_adv_0.10,contested,0.7066666666666667,0.405583264259827,0.18091529688089567,10.437716525347408
0.1,basic,16,456,honest_0.90_adv_0.10,cooperative,1.0,0.25131875346489013,0.0,20.373101737073814
0.1,basic,16,789,honest_0.90_adv_0.10,cooperative,1.0,0.25096836581347814,0.0,24.04636544044453
0.1,basic,16,1001,honest_0.90_adv_0.10,contested,0.8066666666666666,0.33500624018301856,0.26066547900971315,16.20577065927274
0.1,basic,32,42,honest_0.90_adv_0.10,contested,0.7227722772277227,0.33947005698854715,0.24960871596532838,18.919076549579838
0.1,basic,32,123,honest_0.90_adv_0.10,contested,0.6877828054298643,0.3417861603214978,0.25102659226380714,20.015080519524943
0.1,basic,32,456,honest_0.90_adv_0.10,cooperative,1.0,0.24936256433272516,0.0,22.71271659898535
0.1,basic,32,789,honest_0.90_adv_0.10,cooperative,1.0,0.2555198628801347,0.0,24.908589063524843
0.1,basic,32,1001,honest_0.90_adv_0.10,contested,0.8494623655913979,0.31198550602488523,0.2842365139310804,23.63783275881381
0.1,moderate,4,42,honest_0.90_adv_0.10,cooperative,0.9583333333333334,0.22560720530249886,0.0454695621990271,3.640126695589732
0.1,moderate,4,123,honest_0.90_adv_0.10,cooperative,1.0,0.3215665950644094,0.0,1.497735129333625
0.1,moderate,4,456,honest_0.90_adv_0.10,cooperative,1.0,0.2685958427692277,0.0,5.415223170026212
0.1,moderate,4,789,honest_0.90_adv_0.10,cooperative,1.0,0.25557651191269903,0.0,4.700346759525316
0.1,moderate,4,1001,honest_0.90_adv_0.10,cooperative,0.9259259259259259,0.2663918146736377,0.10586256747229188,4.071289010388716
0.1,moderate,8,42,honest_0.90_adv_0.10,cooperative,0.9166666666666666,0.2817399067403255,0.1083847898867654,6.752406377814324
0.1,moderate,8,123,honest_0.90_adv_0.10,cooperative,0.9791666666666666,0.3115484370309289,0.03146120762766471,6.627590911390127
0.1,moderate,8,456,honest_0.90_adv_0.10,cooperative,1.0,0.24994269511590872,0.0,9.631755014328956
0.1,moderate,8,789,honest_0.90_adv_0.10,cooperative,1.0,0.2569472469142919,0.0,11.348103681937554
0.1,moderate,8,1001,honest_0.90_adv_0.10,cooperative,1.0,0.2898526941692625,0.0,7.178164131462787
0.1,moderate,16,42,honest_0.90_adv_0.10,cooperative,0.9247311827956989,0.29234252450385684,0.20412380934371221,13.159011364631354
0.1,moderate,16,123,honest_0.90_adv_0.10,cooperative,0.9574468085106383,0.2996216510336008,0.07585509753282371,12.800960846413558
0.1,moderate,16,456,honest_0.90_adv_0.10,cooperative,1.0,0.24943934115313535,0.0,19.655007611262278
0.1,moderate,16,789,honest_0.90_adv_0.10,cooperative,1.0,0.2543005482800827,0.0,19.500067731005664
0.1,moderate,16,1001,honest_0.90_adv_0.10,cooperative,0.95,0.27488463415725256,0.10833961915510153,15.495843792623239
0.1,moderate,32,42,honest_0.90_adv_0.10,cooperative,0.9731543624161074,0.2871012039500576,0.14843835574363523,22.434362330706833
0.1,moderate,32,123,honest_0.90_adv_0.10,cooperative,0.9419354838709677,0.30292097581765337,0.1921370570833191,21.02715023732468
0.1,moderate,32,456,honest_0.90_adv_0.10,cooperative,1.0,0.24821837448327735,0.0,25.05494580761234
0.1,moderate,32,789,honest_0.90_adv_0.10,cooperative,1.0,0.2515599567885649,0.0,23.071116527099765
0.1,moderate,32,1001,honest_0.90_adv_0.10,cooperative,0.9701492537313433,0.2787726367026711,0.1644871169491143,20.814849375604613
0.1,full,4,42,honest_0.90_adv_0.10,cooperative,0.8571428571428571,0.14930925263592468,0.0,1.5477934210912334
0.1,full,4,123,honest_0.90_adv_0.10,contested,0.8333333333333334,0.34878825865324403,-0.0025259243108260074,1.1346511642001242
0.1,full,4,456,honest_0.90_adv_0.10,cooperative,1.0,0.28315774930628046,0.0,3.9629456518571557
0.1,full,4,789,honest_0.90_adv_0.10,cooperative,1.0,0.3220890491683759,0.0,4.209434726787676
0.1,full,4,1001,honest_0.90_adv_0.10,cooperative,0.9285714285714286,0.2618936340699023,0.04667878632974673,1.1650833687346553
0.1,full,8,42,honest_0.90_adv_0.10,cooperative,0.9069767441860465,0.33910719221626423,0.06762177094687334,4.802012506673976
0.1,full,8,123,honest_0.90_adv_0.10,contested,0.78125,0.37428919076895845,0.0942377309701599,2.381796764827879
0.1,full,8,456,honest_0.90_adv_0.10,cooperative,1.0,0.31995447265864185,0.0,7.131189603692337
0.1,full,8,789,honest_0.90_adv_0.10,cooperative,1.0,0.30651555988666424,0.0,6.490665278185084
0.1,full,8,1001,honest_0.90_adv_0.10,cooperative,0.9487179487179487,0.358512189595525,0.06145404019147011,4.14684444075744
0.1,full,16,42,honest_0.90_adv_0.10,cooperative,0.9701492537313433,0.36491425143964573,0.03357519854281978,6.708746209103661
0.1,full,16,123,honest_0.90_adv_0.10,cooperative,0.9024390243902439,0.34541431759937175,0.041802314574703424,8.373818666603997
0.1,full,16,456,honest_0.90_adv_0.10,cooperative,1.0,0.29417812660964565,0.0,14.521866906569437
0.1,full,16,789,honest_0.90_adv_0.10,cooperative,1.0,0.2977455761236613,0.0,14.930528259057
0.1,full,16,1001,honest_0.90_adv_0.10,cooperative,0.9518072289156626,0.3269896184823345,0.06205347956998841,9.936910231852167
0.1,full,32,42,honest_0.90_adv_0.10,cooperative,0.9808917197452229,0.34618477318871355,0.12140272293808252,18.020456499042645
0.1,full,32,123,honest_0.90_adv_0.10,cooperative,0.974025974025974,0.3595059752644533,0.06997657388544921,16.55922738100395
0.1,full,32,456,honest_0.90_adv_0.10,cooperative,1.0,0.2904225774268452,0.0,21.996320107309014
0.1,full,32,789,honest_0.90_adv_0.10,cooperative,1.0,0.29223131018148457,0.0,22.614221522916818
0.1,full,32,1001,honest_0.90_adv_0.10,cooperative,0.9942196531791907,0.32483552512425495,0.054409049507356345,22.065854255563817
0.15,none,4,42,honest_0.85_adv_0.15,cooperative,0.8863636363636364,0.39980764838090216,0.15369121802515376,4.293845491944525
0.15,none,4,123,honest_0.85_adv_0.15,collapse,0.7272727272727273,0.5595373618972013,0.03453602410306084,0.8288068713924662
0.15,none,4,456,honest_0.85_adv_0.15,cooperative,1.0,0.2542705146234971,0.0,4.893854253204684
0.15,none,4,789,honest_0.85_adv_0.15,cooperative,1.0,0.26737709699787765,0.0,3.776327985173458
0.15,none,4,1001,honest_0.85_adv_0.15,cooperative,0.8974358974358975,0.4312058932800246,0.06840284342880004,3.3286702390592495
0.15,none,8,42,honest_0.85_adv_0.15,contested,0.6867469879518072,0.3704882035001178,0.21437772641662103,7.054196717260432
0.15,none,8,123,honest_0.85_adv_0.15,contested,0.7592592592592593,0.4746358094402415,0.11437625953125354,5.281212175777944
0.15,none,8,456,honest_0.85_adv_0.15,cooperative,1.0,0.26192705614532386,0.0,9.229761709441975
0.15,none,8,789,honest_0.85_adv_0.15,cooperative,1.0,0.25287074096976275,0.0,12.094313686402844
0.15,none,8,1001,honest_0.85_adv_0.15,contested,0.75,0.412090811979617,0.16778271495998628,5.172149061570423
0.15,none,16,42,honest_0.85_adv_0.15,contested,0.7567567567567568,0.36636110262528615,0.22965420741631257,14.270443002482715
0.15,none,16,123,honest_0.85_adv_0.15,contested,0.7471264367816092,0.42770727767373723,0.1547487371097424,11.98221086635039
0.15,none,16,456,honest_0.85_adv_0.15,contested,0.7426470588235294,0.2684716541134405,0.30832728233472445,18.254187052048113
0.15,none,16,789,honest_0.85_adv_0.15,cooperative,1.0,0.2490429405207298,0.0,20.47800561609352
0.15,none,16,1001,honest_0.85_adv_0.15,cooperative,0.8571428571428571,0.351058979913564,0.21684302879760145,16.341772511450078
0.15,none,32,42,honest_0.85_adv_0.15,contested,0.7035175879396985,0.3507133895188672,0.2353458673881658,18.829966326305158
0.15,none,32,123,honest_0.85_adv_0.15,contested,0.6576576576576577,0.36754463402159954,0.22974427038652892,18.098753241424156
0.15,none,32,456,honest_0.85_adv_0.15,contested,0.8253012048192772,0.285418501195733,0.3091178439987659,23.646671536807986
0.15,none,32,789,honest_0.85_adv_0.15,cooperative,1.0,0.2583131374389322,0.0,30.962268966762583
0.15,none,32,1001,honest_0.85_adv_0.15,cooperative,0.8579545454545454,0.32176605368208194,0.2664868243188072,22.91840766087039
0.15,basic,4,42,honest_0.85_adv_0.15,contested,0.8409090909090909,0.37464715175832564,0.15564685666347966,4.347837981253589
0.15,basic,4,123,honest_0.85_adv_0.15,collapse,0.6415094339622641,0.5808757664177399,0.010449608143898106,0.19659962635624018
0.15,basic,4,456,honest_0.85_adv_0.15,cooperative,1.0,0.2708865990121128,0.0,3.396900190178284
0.15,basic,4,789,honest_0.85_adv_0.15,cooperative,1.0,0.23862317110517742,0.0,5.696219734426645
0.15,basic,4,1001,honest_0.85_adv_0.15,cooperative,0.9210526315789473,0.43765340835707106,0.091762599126006,2.810471981308313
0.15,basic,8,42,honest_0.85_adv_0.15,contested,0.6875,0.34482370906908666,0.25133279448075246,7.152137374706047
0.15,basic,8,123,honest_0.85_adv_0.15,collapse,0.7653061224489796,0.5099415298896107,0.07997318178022268,3.0895554160758842
0.15,basic,8,456,honest_0.85_adv_0.15,cooperative,1.0,0.2583866654610569,0.0,10.735683953183376
0.15,basic,8,789,honest_0.85_adv_0.15,cooperative,1.0,0.25336943811562207,0.0,8.797177685714074
0.15,basic,8,1001,honest_0.85_adv_0.15,cooperative,0.8625,0.3988292498368689,0.15099491912774135,7.144882370103782
0.15,basic,16,42,honest_0.85_adv_0.15,contested,0.8028169014084507,0.3561853101220724,0.23700920563635708,14.04262011683493
0.15,basic,16,123,honest_0.85_adv_0.15,contested,0.7197452229299363,0.48588715364139684,0.10252568972021832,6.33855171165533
0.15,basic,16,456,honest_0.85_adv_0.15,contested,0.7481481481481481,0.26831345998345985,0.3256352562866395,17.365462849307203
0.15,basic,16,789,honest_0.85_adv_0.15,cooperative,1.0,0.24790117056618025,0.0,19.433626265665048
0.15,basic,16,1001,honest_0.85_adv_0.15,contested,0.8285714285714286,0.3418476038451683,0.23666634714982118,15.230602801864086
0.15,basic,32,42,honest_0.85_adv_0.15,contested,0.7033492822966507,0.3177404929031192,0.26344587590984964,21.312348224266746
0.15,basic,32,123,honest_0.85_adv_0.15,contested,0.6431718061674009,0.36856537360353697,0.21507600083691045,16.937137456557217
0.15,basic,32,456,honest_0.85_adv_0.15,contested,0.844311377245509,0.2693032549464803,0.31986004674409596,24.159691884211544
0.15,basic,32,789,honest_0.85_adv_0.15,cooperative,1.0,0.2575473934771841,0.0,25.20730932403917
0.15,basic,32,1001,honest_0.85_adv_0.15,contested,0.8070175438596491,0.31821936380896926,0.28131132073576137,19.8931511414027
0.15,moderate,4,42,honest_0.85_adv_0.15,cooperative,0.8947368421052632,0.28545685041412905,0.06779345821513537,2.6760066531400306
0.15,moderate,4,123,honest_0.85_adv_0.15,cooperative,0.8666666666666667,0.36020463367469535,0.02465421563440585,0.39667974749613893
0.15,moderate,4,456,honest_0.85_adv_0.15,cooperative,1.0,0.247840107857076,0.0,5.9364342503269825
0.15,moderate,4,789,honest_0.85_adv_0.15,cooperative,1.0,0.2456650426938545,0.0,4.98940570316468
0.15,moderate,4,1001,honest_0.85_adv_0.15,cooperative,0.9565217391304348,0.30243915437419483,0.0529138389785855,3.335393552277168
0.15,moderate,8,42,honest_0.85_adv_0.15,cooperative,0.9166666666666666,0.2830150857823814,0.08335001084519404,6.759892636281574
0.15,moderate,8,123,honest_0.85_adv_0.15,cooperative,0.918918918918919,0.34740124598106314,0.07035970365928797,3.9874776979356454
0.15,moderate,8,456,honest_0.85_adv_0.15,cooperative,1.0,0.25551298776046955,0.0,9.917109379046185
0.15,moderate,8,789,honest_0.85_adv_0.15,cooperative,1.0,0.26262115637182254,0.0,7.351510727635955
0.15,moderate,8,1001,honest_0.85_adv_0.15,cooperative,0.9824561403508771,0.27628375228550284,0.05589349353014097,8.577346321838595
0.15,moderate,16,42,honest_0.85_adv_0.15,cooperative,0.9340659340659341,0.2858215890393098,0.1294280092563073,12.864100229391534
0.15,moderate,16,123,honest_0.85_adv_0.15,cooperative,0.925531914893617,0.3083816841653071,0.16925844734574721,12.26097647820903
0.15,moderate,16,456,honest_0.85_adv_0.15,cooperative,0.9545454545454546,0.2550098834914248,0.1530899742096006,17.911058224129587
0.15,moderate,16,789,honest_0.85_adv_0.15,cooperative,1.0,0.2553709468776643,0.0,19.975964562964467
0.15,moderate,16,1001,honest_0.85_adv_0.15,cooperative,0.975609756097561,0.2677305116217763,0.10022506129440749,19.671406887760014
0.15,moderate,32,42,honest_0.85_adv_0.15,cooperative,0.9695121951219512,0.284490609814005,0.13607079400182687,24.952168619060973
0.15,moderate,32,123,honest_0.85_adv_0.15,cooperative,0.9473684210526315,0.30833781402123894,0.17697257725683205,22.97794521395855
0.15,moderate,32,456,honest_0.85_adv_0.15,cooperative,0.974025974025974,0.2586972881970901,0.10306902655293455,25.47681576721504
0.15,moderate,32,789,honest_0.85_adv_0.15,cooperative,1.0,0.2556533980267934,0.0,25.237592316904454
0.15,moderate,32,1001,honest_0.85_adv_0.15,cooperative,0.9801324503311258,0.2777215600571287,0.10150326286826845,23.82946584917717
0.15,full,4,42,honest_0.85_adv_0.15,cooperative,0.9285714285714286,0.34058535422650493,-0.00825583146632028,1.3280267915832737
0.15,full,4,123,honest_0.85_adv_0.15,contested,0.6153846153846154,0.19183951502581972,-0.001155255314110648,0.06855684312006952
0.15,full,4,456,honest_0.85_adv_0.15,cooperative,1.0,0.311675126965049,0.0,4.473651970230634
0.15,full,4,789,honest_0.85_adv_0.15,cooperative,1.0,0.29820493905069867,0.0,3.857512039049851
0.15,full,4,1001,honest_0.85_adv_0.15,cooperative,0.9655172413793104,0.32325778834510643,0.04612349434128989,3.6731290850684446
0.15,full,8,42,honest_0.85_adv_0.15,cooperative,0.8888888888888888,0.2888265933542825,0.07555025549215781,3.7206463049170644
0.15,full,8,123,honest_0.85_adv_0.15,contested,0.7419354838709677,0.29430690540180215,0.0408903916023717,2.1044992745264604
0.15,full,8,456,honest_0.85_adv_0.15,cooperative,1.0,0.30996559556536124,0.0,6.900762020852042
0.15,full,8,789,honest_0.85_adv_0.15,cooperative,1.0,0.3075054179044909,0.0,7.727393009310821
0.15,full,8,1001,honest_0.85_adv_0.15,cooperative,0.8823529411764706,0.36741988275406295,0.036906172919605545,3.3306484214891108
0.15,full,16,42,honest_0.85_adv_0.15,cooperative,0.9705882352941176,0.3516123850284673,0.06474680739145994,11.37221107904218
0.15,full,16,123,honest_0.85_adv_0.15,cooperative,0.8863636363636364,0.35052268471507125,0.1129690547415666,8.588090791382829
0.15,full,16,456,honest_0.85_adv_0.15,cooperative,0.9438202247191011,0.3092922894198212,0.0944131181489856,11.316749609278451
0.15,full,16,789,honest_0.85_adv_0.15,cooperative,1.0,0.29674304009213365,0.0,14.395504157219449
0.15,full,16,1001,honest_0.85_adv_0.15,cooperative,0.9390243902439024,0.321880370168819,0.1636043054297184,10.019148877207675
0.15,full,32,42,honest_0.85_adv_0.15,cooperative,0.95625,0.343085659148272,0.07421876586591213,18.085209554256757
0.15,full,32,123,honest_0.85_adv_0.15,cooperative,0.9441340782122905,0.3464965630398664,0.16097186891455317,19.601228469860416
0.15,full,32,456,honest_0.85_adv_0.15,cooperative,0.9791666666666666,0.31565419105855624,0.08395904867320365,18.761404973808528
0.15,full,32,789,honest_0.85_adv_0.15,cooperative,1.0,0.2993654439082824,0.0,21.297551057142808
0.15,full,32,1001,honest_0.85_adv_0.15,cooperative,0.9735099337748344,0.3292189096220124,0.1128481466144317,18.45309632860064
0.2,none,4,42,honest_0.80_adv_0.20,contested,0.7567567567567568,0.34628260011721496,0.17109728332909654,3.81305745793002
0.2,none,4,123,honest_0.80_adv_0.20,collapse,0.6818181818181818,0.561314627326952,0.018405770526699495,0.7249697401367431
0.2,none,4,456,honest_0.80_adv_0.20,cooperative,1.0,0.26352447999803424,0.0,5.574299354328097
0.2,none,4,789,honest_0.80_adv_0.20,cooperative,1.0,0.24632881734560094,0.0,5.6378144640950865
0.2,none,4,1001,honest_0.80_adv_0.20,contested,0.7837837837837838,0.3862405705991144,0.15814699889711628,3.3394343828108326
0.2,none,8,42,honest_0.80_adv_0.20,contested,0.7528089887640449,0.36529371409757827,0.22981269145040753,8.58844844238938
0.2,none,8,123,honest_0.80_adv_0.20,contested,0.8148148148148148,0.48883981477405897,0.09917415984899176,5.012945211504266
0.2,none,8,456,honest_0.80_adv_0.20,cooperative,1.0,0.2648779879022209,0.0,9.493978791022649
0.2,none,8,789,honest_0.80_adv_0.20,cooperative,1.0,0.25443946789110966,0.0,9.986752713429844
0.2,none,8,1001,honest_0.80_adv_0.20,contested,0.7808219178082192,0.3765525299663966,0.16392354864173184,6.735224901110833
0.2,none,16,42,honest_0.80_adv_0.20,contested,0.6333333333333333,0.36179876109644526,0.226398056062426,14.593137426589827
0.2,none,16,123,honest_0.80_adv_0.20,contested,0.6480446927374302,0.46471620691759324,0.1190743093548079,8.222054181825465
0.2,none,16,456,honest_0.80_adv_0.20,contested,0.7596899224806202,0.27504502995151653,0.29557627535447123,17.420788227887243
0.2,none,16,789,honest_0.80_adv_0.20,cooperative,0.865546218487395,0.2659415410135244,0.31393029757788143,19.04895423006671
0.2,none,16,1001,honest_0.80_adv_0.20,contested,0.82,0.3618906415653485,0.22678593261171706,16.006996597103026
0.2,none,32,42,honest_0.80_adv_0.20,contested,0.6103286384976526,0.3310589057454861,0.25414478397681634,18.88167470463834
0.2,none,32,123,honest_0.80_adv_0.20,contested,0.6297872340425532,0.4237760860444757,0.16423197008497337,14.017063840145198
0.2,none,32,456,honest_0.80_adv_0.20,contested,0.7586206896551724,0.29985086672709865,0.29041075516628045,21.618105176860922
0.2,none,32,789,honest_0.80_adv_0.20,contested,0.7888198757763976,0.27612326197741605,0.3088002633937208,22.46469215688778
0.2,none,32,1001,honest_0.80_adv_0.20,contested,0.8235294117647058,0.32680767404840355,0.247613463302539,18.65117319004413
0.2,basic,4,42,honest_0.80_adv_0.20,contested,0.8409090909090909,0.3948388223907678,0.15457986604861965,3.9590330949396417
0.2,basic,4,123,honest_0.80_adv_0.20,collapse,0.7538461538461538,0.5506377019547948,0.011101851804402449,0.8741958522128476
0.2,basic,4,456,honest_0.80_adv_0.20,cooperative,1.0,0.2523171045808873,0.0,5.605872076051964
0.2,basic,4,789,honest_0.80_adv_0.20,cooperative,1.0,0.26185124402490406,0.0,4.479522120841313
0.2,basic,4,1001,honest_0.80_adv_0.20,contested,0.7027027027027027,0.33407325065953214,0.24255421011830394,3.5384021310260607
0.2,basic,8,42,honest_0.80_adv_0.20,contested,0.726027397260274,0.360458074648168,0.21123980588496113,6.53318042717051
0.2,basic,8,123,honest_0.80_adv_0.20,collapse,0.7272727272727273,0.5213378912358181,0.05411838011098811,2.659954900943461
0.2,basic,8,456,honest_0.80_adv_0.20,cooperative,1.0,0.259137363520297,0.0,8.951338582501457
0.2,basic,8,789,honest_0.80_adv_0.20,cooperative,1.0,0.2616829291568603,0.0,9.55016919050406
0.2,basic,8,1001,honest_0.80_adv_0.20,contested,0.8472222222222222,0.3998225278852459,0.18087161334412716,6.146022683641914
0.2,basic,16,42,honest_0.80_adv_0.20,contested,0.655367231638418,0.3713134633787894,0.21579700298954074,13.528789160186568
0.2,basic,16,123,honest_0.80_adv_0.20,contested,0.6702702702702703,0.44867994222908014,0.13446299404305065,9.196738993722782
0.2,basic,16,456,honest_0.80_adv_0.20,contested,0.7536231884057971,0.26429328144255543,0.328332880844521,18.139933238562744
0.2,basic,16,789,honest_0.80_adv_0.20,cooperative,0.8956521739130435,0.2659661366032472,0.21505320945378822,17.721674728201766
0.2,basic,16,1001,honest_0.80_adv_0.20,cooperative,0.8590604026845637,0.34600716081446353,0.244007345160168,16.694842956640215
0.2,basic,32,42,honest_0.80_adv_0.20,contested,0.600896860986547,0.3558779771346737,0.2325199361596798,16.47031732110857
0.2,basic,32,123,honest_0.80_adv_0.20,contested,0.5780590717299579,0.40259812082463653,0.1907842332192465,13.552771764410823
0.2,basic,32,456,honest_0.80_adv_0.20,contested,0.7873563218390804,0.2979846725201062,0.2882624397119548,21.37638243723075
0.2,basic,32,789,honest_0.80_adv_0.20,contested,0.823170731707317,0.28332620049377427,0.31600435259081644,22.009350176867486
0.2,basic,32,1001,honest_0.80_adv_0.20,contested,0.8461538461538461,0.32297523011788554,0.25376543652495237,21.836294065252115
0.2,moderate,4,42,honest_0.80_adv_0.20,contested,0.8333333333333334,0.2308355806418152,0.07347482745795694,2.4244983382496326
0.2,moderate,4,123,honest_0.80_adv_0.20,contested,0.6666666666666666,0.19697793623943424,0.0012551266468057338,-0.03646778073311547
0.2,moderate,4,456,honest_0.80_adv_0.20,cooperative,1.0,0.21911015345522658,0.0,4.375752617329272
0.2,moderate,4,789,honest_0.80_adv_0.20,cooperative,1.0,0.26339023496452985,0.0,5.0987214162644605
0.2,moderate,4,1001,honest_0.80_adv_0.20,cooperative,0.9375,0.2860470005020436,0.10076536449540742,4.742602223131875
0.2,moderate,8,42,honest_0.80_adv_0.20,cooperative,0.9285714285714286,0.2856666643344632,0.15521264236850488,8.174332709982437
0.2,moderate,8,123,honest_0.80_adv_0.20,cooperative,1.0,0.35684944274662156,0.0,5.306406081521808
0.2,moderate,8,456,honest_0.80_adv_0.20,cooperative,1.0,0.2562151649659247,0.0,9.67666844201017
0.2,moderate,8,789,honest_0.80_adv_0.20,cooperative,1.0,0.25680769462169184,0.0,10.063436085002602
0.2,moderate,8,1001,honest_0.80_adv_0.20,cooperative,0.9791666666666666,0.3034262976572948,0.046112940202716064,6.947884166308051
0.2,moderate,16,42,honest_0.80_adv_0.20,cooperative,0.8829787234042553,0.2841988962707012,0.1447724629864092,12.786004419666517
0.2,moderate,16,123,honest_0.80_adv_0.20,cooperative,0.8735632183908046,0.3324287580878245,0.1475353821342009,9.978101945741756
0.2,moderate,16,456,honest_0.80_adv_0.20,cooperative,0.9574468085106383,0.27252303027239516,0.09464470814786587,14.64004514136782
0.2,moderate,16,789,honest_0.80_adv_0.20,cooperative,0.9809523809523809,0.24857066786577486,0.05745080831651488,17.99143329097213
0.2,moderate,16,1001,honest_0.80_adv_0.20,cooperative,0.9904761904761905,0.2892295838837569,0.04770564324504595,16.20704675643242
0.2,moderate,32,42,honest_0.80_adv_0.20,cooperative,0.9461077844311377,0.2974530311852281,0.24579393014289433,23.45002302346325
0.2,moderate,32,123,honest_0.80_adv_0.20,cooperative,0.9161290322580645,0.31805729853295234,0.16740105495493873,19.172119741647393
0.2,moderate,32,456,honest_0.80_adv_0.20,cooperative,0.9699248120300752,0.27572075129666856,0.08988069470747266,21.234528142150722
0.2,moderate,32,789,honest_0.80_adv_0.20,cooperative,0.9863013698630136,0.2787558955474434,0.10994162869073308,22.908985801740766
0.2,moderate,32,1001,honest_0.80_adv_0.20,cooperative,0.9761904761904762,0.2747844751482916,0.1390196819201168,26.716043329858042
0.2,full,4,42,honest_0.80_adv_0.20,cooperative,0.8846153846153846,0.2501252041840672,0.03971045801714327,3.2261775803675223
0.2,full,4,123,honest_0.80_adv_0.20,contested,0.6666666666666666,0.19975361643277154,-0.0038962206626000453,-0.0823373091558353
0.2,full,4,456,honest_0.80_adv_0.20,cooperative,1.0,0.29899276098534594,0.0,4.166787991121236
0.2,full,4,789,honest_0.80_adv_0.20,cooperative,1.0,0.2707039650067092,0.0,3.353756954659655
0.2,full,4,1001,honest_0.80_adv_0.20,contested,0.8461538461538461,0.30491799541304865,0.035567506660344105,1.2798634341052086
0.2,full,8,42,honest_0.80_adv_0.20,cooperative,0.8611111111111112,0.3600211786190526,0.05135172468304019,3.455128644550817
0.2,full,8,123,honest_0.80_adv_0.20,contested,0.8181818181818182,0.3877930709961998,0.023563104531395346,2.2510381816223677
0.2,full,8,456,honest_0.80_adv_0.20,cooperative,1.0,0.30674235498901803,0.0,7.14548473226656
0.2,full,8,789,honest_0.80_adv_0.20,cooperative,1.0,0.31115958267586924,0.0,7.495498561319981
0.2,full,8,1001,honest_0.80_adv_0.20,cooperative,0.9696969696969697,0.36104325371219903,0.03313761892442529,3.511649009527645
0.2,full,16,42,honest_0.80_adv_0.20,cooperative,0.8809523809523809,0.32964189640021885,0.06922848122673145,9.128389488041199
0.2,full,16,123,honest_0.80_adv_0.20,cooperative,0.9,0.36885891601192,0.05632911597509743,5.643626299611207
0.2,full,16,456,honest_0.80_adv_0.20,cooperative,0.946236559139785,0.309659733409857,0.07978505256229405,12.01930270754815
0.2,full,16,789,honest_0.80_adv_0.20,cooperative,0.9734513274336283,0.30350338593542064,0.09267324219973383,15.415232896660596
0.2,full,16,1001,honest_0.80_adv_0.20,cooperative,0.9375,0.3343603775246054,0.07394597347952925,9.304361279121347
0.2,full,32,42,honest_0.80_adv_0.20,cooperative,0.9430379746835443,0.35635148802950684,0.1443115146306636,16.698199555942367
0.2,full,32,123,honest_0.80_adv_0.20,cooperative,0.9461077844311377,0.3655644285351083,0.1248386562531179,16.6606872501704
0.2,full,32,456,honest_0.80_adv_0.20,cooperative,0.9807692307692307,0.3253633219862137,0.06342202392647214,19.770225603760597
0.2,full,32,789,honest_0.80_adv_0.20,cooperative,0.9751552795031055,0.314117623948507,0.20268913398227642,21.05850816445992
0.2,full,32,1001,honest_0.80_adv_0.20,cooperative,0.9865771812080537,0.3535128849885551,0.09180326207256544,17.045468734151534
0.25,none,4,42,honest_0.75_adv_0.25,contested,0.4489795918367347,0.3322488730218634,0.25838931802331166,3.2030502396501794
0.25,none,4,123,honest_0.75_adv_0.25,collapse,0.6666666666666666,0.5718582896170468,0.021198113745312414,0.48258372831973045
0.25,none,4,456,honest_0.75_adv_0.25,cooperative,1.0,0.2506052373403946,0.0,3.5023006056458814
0.25,none,4,789,honest_0.75_adv_0.25,cooperative,1.0,0.24734507498579195,0.0,5.2248034724833845
0.25,none,4,1001,honest_0.75_adv_0.25,contested,0.8181818181818182,0.3483592444239128,0.17166796207360932,4.759093029412302
0.25,none,8,42,honest_0.75_adv_0.25,contested,0.625,0.4598320822828692,0.14569909471436124,3.718320813106628
0.25,none,8,123,honest_0.75_adv_0.25,collapse,0.7872340425531915,0.5122190422412541,0.06356604627636693,3.097241911666081
0.25,none,8,456,honest_0.75_adv_0.25,cooperative,1.0,0.2598713161791241,0.0,11.760853057292978
0.25,none,8,789,honest_0.75_adv_0.25,cooperative,1.0,0.2608987003209973,0.0,11.245185563291168
0.25,none,8,1001,honest_0.75_adv_0.25,contested,0.8169014084507042,0.4209115081355257,0.13340068605490707,5.519755208447023
0.25,none,16,42,honest_0.75_adv_0.25,contested,0.5846153846153846,0.4255339650669232,0.15875969609998716,10.464486133237346
0.25,none,16,123,honest_0.75_adv_0.25,contested,0.5445544554455446,0.45290249970753,0.1285002057502428,8.51330779173586
0.25,none,16,456,honest_0.75_adv_0.25,contested,0.75,0.26057102934965815,0.3282815384422236,18.91539310601742
0.25,none,16,789,honest_0.75_adv_0.25,contested,0.7687074829931972,0.2624673167922856,0.32369308779871103,20.678345988852154
0.25,none,16,1001,honest_0.75_adv_0.25,contested,0.8410596026490066,0.33666761443974996,0.259645428515843,18.209217427838617
0.25,none,32,42,honest_0.75_adv_0.25,contested,0.492,0.3845517429700474,0.19525235426442633,14.141951038470216
0.25,none,32,123,honest_0.75_adv_0.25,contested,0.55859375,0.4002742359680511,0.19571935812507868,15.223990435686375
0.25,none,32,456,honest_0.75_adv_0.25,contested,0.7650273224043715,0.2918021068128039,0.2946350973762563,23.520901274801748
0.25,none,32,789,honest_0.75_adv_0.25,contested,0.6878306878306878,0.31023819457762625,0.2731751838462402,20.4313047829057
0.25,none,32,1001,honest_0.75_adv_0.25,cooperative,0.884393063583815,0.34880070493443666,0.24322684884825982,20.979225065413086
0.25,basic,4,42,honest_0.75_adv_0.25,contested,0.3673469387755102,0.39278971289681186,0.19393298149136248,1.978083477440651
0.25,basic,4,123,honest_0.75_adv_0.25,collapse,0.6666666666666666,0.5628851064263468,0.03055528713834585,0.6078473026103214
0.25,basic,4,456,honest_0.75_adv_0.25,cooperative,1.0,0.2562186548789449,0.0,5.3983380485165116
0.25,basic,4,789,honest_0.75_adv_0.25,cooperative,1.0,0.2477484355164822,0.0,4.575416916787412
0.25,basic,4,1001,honest_0.75_adv_0.25,contested,0.825,0.3800323256926734,0.1418101050408346,3.747713649890373
0.25,basic,8,42,honest_0.75_adv_0.25,contested,0.5617977528089888,0.4225756094849383,0.17944820530254726,4.5044730526110035
0.25,basic,8,123,honest_0.75_adv_0.25,collapse,0.8514851485148515,0.5012524562794131,0.09334220803738913,3.982589570296137
0.25,basic,8,456,honest_0.75_adv_0.25,cooperative,1.0,0.26019032496420197,0.0,10.837629693506678
0.25,basic,8,789,honest_0.75_adv_0.25,cooperative,1.0,0.255451963991966,0.0,11.189448391498468
0.25,basic,8,1001,honest_0.75_adv_0.25,contested,0.7536231884057971,0.3692890470483518,0.20581243613628533,6.148762192659717
0.25,basic,16,42,honest_0.75_adv_0.25,contested,0.5757575757575758,0.38485665984597484,0.20465034860237807,12.559011817191418
0.25,basic,16,123,honest_0.75_adv_0.25,contested,0.5825242718446602,0.4537956677648878,0.1420525089571345,8.455285500668724
0.25,basic,16,456,honest_0.75_adv_0.25,contested,0.7744360902255639,0.26723942528945455,0.31861787799321445,17.85146855620572
0.25,basic,16,789,honest_0.75_adv_0.25,contested,0.7697841726618705,0.26952860835688414,0.3116601785200516,18.104438381789432
0.25,basic,16,1001,honest_0.75_adv_0.25,cooperative,0.8541666666666666,0.37990441947649584,0.21686258737516084,13.813777836576184
0.25,basic,32,42,honest_0.75_adv_0.25,contested,0.5201465201465202,0.3732434590860567,0.21311214122574648,17.525282668318678
0.25,basic,32,123,honest_0.75_adv_0.25,contested,0.5596707818930041,0.40609760389532346,0.18496542254608028,13.174378562298907
0.25,basic,32,456,honest_0.75_adv_0.25,contested,0.7607361963190185,0.31616578363594866,0.27080841043996134,17.994434937389745
0.25,basic,32,789,honest_0.75_adv_0.25,contested,0.671875,0.29107177891486463,0.29262452159697644,20.45806067205746
0.25,basic,32,1001,honest_0.75_adv_0.25,contested,0.8176795580110497,0.30576860641154074,0.28224272064977557,22.48487354975887
0.25,moderate,4,42,honest_0.75_adv_0.25,contested,0.6666666666666666,0.25108986502428277,0.0953202030439599,1.9284978245925257
0.25,moderate,4,123,honest_0.75_adv_0.25,cooperative,0.9333333333333333,0.37623721873704863,0.0048261242732091925,0.24403716772359063
0.25,moderate,4,456,honest_0.75_adv_0.25,cooperative,1.0,0.2539006533294893,0.0,5.211922533326823
0.25,moderate,4,789,honest_0.75_adv_0.25,cooperative,1.0,0.25125632442486784,0.0,3.377003622228154
0.25,moderate,4,1001,honest_0.75_adv_0.25,cooperative,0.88,0.24799645234130288,0.10819882184953987,3.7792063976919774
0.25,moderate,8,42,honest_0.75_adv_0.25,cooperative,0.8780487804878049,0.3081971692018879,0.0583696376701131,4.91524901218308
0.25,moderate,8,123,honest_0.75_adv_0.25,cooperative,0.8958333333333334,0.3204242280456309,0.08301575245079643,5.823595330073768
0.25,moderate,8,456,honest_0.75_adv_0.25,cooperative,1.0,0.25440251235556177,0.0,11.03424518780036
0.25,moderate,8,789,honest_0.75_adv_0.25,cooperative,1.0,0.25207316796658963,0.0,8.168992633404114
0.25,moderate,8,1001,honest_0.75_adv_0.25,cooperative,0.9230769230769231,0.29888095463007053,0.037165935762252245,5.202188421902224
0.25,moderate,16,42,honest_0.75_adv_0.25,cooperative,0.8913043478260869,0.31499800274919404,0.11311009794002891,10.989373743110997
0.25,moderate,16,123,honest_0.75_adv_0.25,contested,0.8426966292134831,0.31299182999282427,0.1630540152313635,9.680540896492337
0.25,moderate,16,456,honest_0.75_adv_0.25,cooperative,0.956140350877193,0.257151543343861,0.10159753059294141,18.59863310601882
0.25,moderate,16,789,honest_0.75_adv_0.25,cooperative,0.97,0.2709374283232309,0.1587692125060576,15.933427825611153
0.25,moderate,16,1001,honest_0.75_adv_0.25,cooperative,0.9519230769230769,0.2727401247174584,0.14413721200575877,16.257665626359994
0.25,moderate,32,42,honest_0.75_adv_0.25,cooperative,0.9161290322580645,0.3367378580688091,0.19938915673991875,18.079478479797107
0.25,moderate,32,123,honest_0.75_adv_0.25,cooperative,0.9096045197740112,0.3033907566191633,0.16505893193469476,23.212026014913892
0.25,moderate,32,456,honest_0.75_adv_0.25,cooperative,0.9793103448275862,0.2738157865531979,0.08545948358178819,23.131204599917265
0.25,moderate,32,789,honest_0.75_adv_0.25,cooperative,0.9440559440559441,0.2828867492439713,0.17938458196019205,21.07182983137408
0.25,moderate,32,1001,honest_0.75_adv_0.25,cooperative,0.9927536231884058,0.2900432351077597,0.05959237635169679,21.032748033686286
0.25,full,4,42,honest_0.75_adv_0.25,contested,0.3333333333333333,0.08817681602247336,0.04725001694259151,0.6372182919166952
0.25,full,4,123,honest_0.75_adv_0.25,contested,0.8461538461538461,0.3815612768807308,-0.006762572308087707,0.12823526892323758
0.25,full,4,456,honest_0.75_adv_0.25,cooperative,1.0,0.31603161393063245,0.0,3.074039141802763
0.25,full,4,789,honest_0.75_adv_0.25,cooperative,1.0,0.3028727692429282,0.0,4.607192904068998
0.25,full,4,1001,honest_0.75_adv_0.25,cooperative,0.9,0.2730814112449904,0.05498665834373245,2.2168114886389887
0.25,full,8,42,honest_0.75_adv_0.25,cooperative,0.8666666666666667,0.3828579663783827,0.026841674462367977,2.1061399099201044
0.25,full,8,123,honest_0.75_adv_0.25,contested,0.7058823529411765,0.35602332741028647,0.04869894736050596,2.5077174391742596
0.25,full,8,456,honest_0.75_adv_0.25,cooperative,1.0,0.2919952446078347,0.0,7.373418608432064
0.25,full,8,789,honest_0.75_adv_0.25,cooperative,1.0,0.2839573858396409,0.0,6.500038851943915
0.25,full,8,1001,honest_0.75_adv_0.25,cooperative,0.9512195121951219,0.33255556980432716,0.06739613322107581,4.788986434329497
0.25,full,16,42,honest_0.75_adv_0.25,contested,0.7794117647058824,0.37399003017304394,0.13192836183878714,5.03355281298063
0.25,full,16,123,honest_0.75_adv_0.25,contested,0.8142857142857143,0.40164652423371555,0.08014867904636942,4.782699100080192
0.25,full,16,456,honest_0.75_adv_0.25,cooperative,0.968421052631579,0.3286515100848854,0.08069207498782223,11.594614809926492
0.25,full,16,789,honest_0.75_adv_0.25,cooperative,0.9811320754716981,0.3216006035071543,0.09301829334553698,13.506456074124374
0.25,full,16,1001,honest_0.75_adv_0.25,cooperative,0.9420289855072463,0.3296968278580156,0.1302157920472269,8.111041028403159
0.25,full,32,42,honest_0.75_adv_0.25,cooperative,0.9366197183098591,0.38680075304727574,0.09468500504139815,12.212183422882639
0.25,full,32,123,honest_0.75_adv_0.25,cooperative,0.906832298136646,0.3666358261560189,0.22865893180289665,15.390587402430794
0.25,full,32,456,honest_0.75_adv_0.25,cooperative,0.9867549668874173,0.3251260969368463,0.08610551899506541,19.250061807877117
0.25,full,32,789,honest_0.75_adv_0.25,cooperative,0.9685534591194969,0.34763520644246565,0.10964570809552494,18.267824343983495
0.25,full,32,1001,honest_0.75_adv_0.25,cooperative,0.9761904761904762,0.32582499470978815,0.13208891727157715,20.757121635408357
0.3,none,4,42,honest_0.70_adv_0.30,contested,0.3387096774193548,0.44545139091952407,0.1477884254587147,1.8618624152317738
0.3,none,4,123,honest_0.70_adv_0.30,collapse,0.5666666666666667,0.5927487830074097,-0.01771923378607722,-0.04291175666045635
0.3,none,4,456,honest_0.70_adv_0.30,cooperative,1.0,0.25644619094266735,0.0,7.055414959536317
0.3,none,4,789,honest_0.70_adv_0.30,cooperative,1.0,0.2601174850403629,0.0,4.865891877992937
0.3,none,4,1001,honest_0.70_adv_0.30,contested,0.8333333333333334,0.3901171005867546,0.1725759781846503,3.877174957553611
0.3,none,8,42,honest_0.70_adv_0.30,contested,0.6581196581196581,0.43292549624438825,0.16109806207429256,7.1144097036295415
0.3,none,8,123,honest_0.70_adv_0.30,collapse,0.7452830188679245,0.5123957784557925,0.06418130228299428,3.739330660571097
0.3,none,8,456,honest_0.70_adv_0.30,cooperative,1.0,0.2532525429659626,0.0,9.091287170224598
0.3,none,8,789,honest_0.70_adv_0.30,cooperative,1.0,0.24887572235343514,0.0,11.30006722443231
0.3,none,8,1001,honest_0.70_adv_0.30,contested,0.813953488372093,0.36501774350525834,0.22221971561569187,8.9138323299595
0.3,none,16,42,honest_0.70_adv_0.30,contested,0.6262135922330098,0.4538304482222115,0.1348105470098145,9.99257174948167
0.3,none,16,123,honest_0.70_adv_0.30,contested,0.5944700460829493,0.4457238033486228,0.14312989818891578,10.46499060855721
0.3,none,16,456,honest_0.70_adv_0.30,contested,0.6392405063291139,0.2607982519309457,0.3229046134711911,18.868191920286282
0.3,none,16,789,honest_0.70_adv_0.30,contested,0.7777777777777778,0.2591601374816265,0.3306025299535644,23.47161894573614
0.3,none,16,1001,honest_0.70_adv_0.30,cooperative,0.8796992481203008,0.34108413078237415,0.2368412153162499,16.378611776474404
0.3,none,32,42,honest_0.70_adv_0.30,contested,0.43873517786561267,0.395451109443054,0.19176514955317828,12.313535978995006
0.3,none,32,123,honest_0.70_adv_0.30,contested,0.564,0.41602585300198225,0.1735173482911739,13.96729733873898
0.3,none,32,456,honest_0.70_adv_0.30,contested,0.6588235294117647,0.3009692818853059,0.2828456136230315,18.32765042923401
0.3,none,32,789,honest_0.70_adv_0.30,contested,0.6557377049180327,0.2909378462280356,0.29557397515102607,20.23572877229768
0.3,none,32,1001,honest_0.70_adv_0.30,cooperative,0.8597560975609756,0.3192362960948534,0.2713797985189139,21.43950327411643
0.3,basic,4,42,honest_0.70_adv_0.30,collapse,0.24193548387096775,0.3127407522901966,0.07938775721170507,1.0603723703035686
0.3,basic,4,123,honest_0.70_adv_0.30,collapse,0.8135593220338984,0.5642302678287877,0.013555196187328922,0.5851566371218578
0.3,basic,4,456,honest_0.70_adv_0.30,cooperative,1.0,0.2642155498816683,0.0,5.7602476066830315
0.3,basic,4,789,honest_0.70_adv_0.30,cooperative,1.0,0.2456248770207201,0.0,4.391377788537212
0.3,basic,4,1001,honest_0.70_adv_0.30,cooperative,0.8888888888888888,0.43302267708180003,0.12664059004298342,3.104324541729021
0.3,basic,8,42,honest_0.70_adv_0.30,contested,0.6019417475728155,0.4650686655356589,0.1344431528107791,4.222313263122057
0.3,basic,8,123,honest_0.70_adv_0.30,contested,0.7938144329896907,0.4759608407695893,0.12172193135490898,4.664600491759333
0.3,basic,8,456,honest_0.70_adv_0.30,cooperative,1.0,0.26136289932679196,0.0,9.101546833625912
0.3,basic,8,789,honest_0.70_adv_0.30,cooperative,1.0,0.27125100185096707,0.0,9.142220758823164
0.3,basic,8,1001,honest_0.70_adv_0.30,contested,0.8255813953488372,0.36723047718113005,0.20733108824136867,8.464715540369822
0.3,basic,16,42,honest_0.70_adv_0.30,contested,0.5980392156862745,0.45879537757782196,0.12859171638291103,8.477568655547886
0.3,basic,16,123,honest_0.70_adv_0.30,contested,0.605,0.4489860362050379,0.14086383277089773,8.846520366257694
0.3,basic,16,456,honest_0.70_adv_0.30,contested,0.6343283582089553,0.2640530294871233,0.3269049715668299,14.812916941675281
0.3,basic,16,789,honest_0.70_adv_0.30,contested,0.7063492063492064,0.2663016678372083,0.33532768498672727,15.388667142263364
0.3,basic,16,1001,honest_0.70_adv_0.30,contested,0.8445945945945946,0.3636097659142857,0.22007458397685886,14.992492007408112
0.3,basic,32,42,honest_0.70_adv_0.30,contested,0.4791666666666667,0.42672430434229724,0.1591187936216999,10.004943782874768
0.3,basic,32,123,honest_0.70_adv_0.30,contested,0.5743801652892562,0.4129113588245996,0.17687755790239015,13.293857649660254
0.3,basic,32,456,honest_0.70_adv_0.30,contested,0.6829268292682927,0.2846745827086043,0.30704557124964654,22.722226956741284
0.3,basic,32,789,honest_0.70_adv_0.30,contested,0.6187845303867403,0.28113376976985066,0.31194064853885467,18.457354598605463
0.3,basic,32,1001,honest_0.70_adv_0.30,cooperative,0.875,0.33567173186897237,0.22156107859829202,21.3559983607295
0.3,moderate,4,42,honest_0.70_adv_0.30,cooperative,0.9473684210526315,0.47826063075555786,0.04156204642152342,1.231967855732085
0.3,moderate,4,123,honest_0.70_adv_0.30,contested,0.7142857142857143,0.341498340177298,0.035874946220086995,0.4820891593883841
0.3,moderate,4,456,honest_0.70_adv_0.30,cooperative,1.0,0.2476006153971726,0.0,4.696953306705091
0.3,moderate,4,789,honest_0.70_adv_0.30,cooperative,1.0,0.2477870096342376,0.0,4.700346759525316
0.3,moderate,4,1001,honest_0.70_adv_0.30,cooperative,1.0,0.28029050613126516,0.0,3.5797922388093966
0.3,moderate,8,42,honest_0.70_adv_0.30,cooperative,0.8536585365853658,0.3336942141333483,0.035027610524548426,4.139303268748348
0.3,moderate,8,123,honest_0.70_adv_0.30,cooperative,0.8863636363636364,0.31573787879485504,0.03337495666053394,4.712560500255811
0.3,moderate,8,456,honest_0.70_adv_0.30,cooperative,1.0,0.26123115194116936,0.0,7.625257923974801
0.3,moderate,8,789,honest_0.70_adv_0.30,cooperative,1.0,0.2657818313461292,0.0,9.529358478520406
0.3,moderate,8,1001,honest_0.70_adv_0.30,cooperative,0.9444444444444444,0.2883078521196529,0.09235790248491808,7.856772981926587
0.3,moderate,16,42,honest_0.70_adv_0.30,cooperative,0.8533333333333334,0.3479382929436421,0.13360987507899122,7.3306544232863216
0.3,moderate,16,123,honest_0.70_adv_0.30,cooperative,0.8636363636363636,0.3239058187161638,0.1694285058037399,9.51591405252232
0.3,moderate,16,456,honest_0.70_adv_0.30,cooperative,0.9428571428571428,0.26384553358347,0.11615039538147087,16.43449525331729
0.3,moderate,16,789,honest_0.70_adv_0.30,cooperative,0.9663865546218487,0.2604031552910318,0.10535374406106664,19.42864715634153
0.3,moderate,16,1001,honest_0.70_adv_0.30,cooperative,0.9805825242718447,0.27747745328239,0.08055778901492985,15.919069669850138
0.3,moderate,32,42,honest_0.70_adv_0.30,cooperative,0.9461077844311377,0.34035160165295525,0.146073145675758,19.925311470336556
0.3,moderate,32,123,honest_0.70_adv_0.30,cooperative,0.9333333333333333,0.3376415039349814,0.19792392593836317,19.966134380889148
0.3,moderate,32,456,honest_0.70_adv_0.30,cooperative,0.9681528662420382,0.2713403778743468,0.17345700579961412,24.704833432193126
0.3,moderate,32,789,honest_0.70_adv_0.30,cooperative,0.96045197740113,0.28093912963124185,0.09185747451210709,26.983164749012563
0.3,moderate,32,1001,honest_0.70_adv_0.30,cooperative,0.9866666666666667,0.28885229593663025,0.0846767830901906,22.737634516087876
0.3,full,4,42,honest_0.70_adv_0.30,collapse,0.16666666666666666,0.10216988663585569,-0.005296824015677742,-0.034526244079335924
0.3,full,4,123,honest_0.70_adv_0.30,contested,0.6923076923076923,0.18918485119895767,0.0064884494596897935,0.13003672986951897
0.3,full,4,456,honest_0.70_adv_0.30,cooperative,1.0,0.31207269128536125,0.0,4.434934368008233
0.3,full,4,789,honest_0.70_adv_0.30,cooperative,1.0,0.32732535538599433,0.0,3.9668880180565718
0.3,full,4,1001,honest_0.70_adv_0.30,cooperative,0.8888888888888888,0.34895436450762163,0.04775857825811652,1.8310706550494789
0.3,full,8,42,honest_0.70_adv_0.30,contested,0.8292682926829268,0.3729924595508771,0.09570367391031272,3.3549400064065598
0.3,full,8,123,honest_0.70_adv_0.30,contested,0.6538461538461539,0.39173847426578523,0.062462053660958215,1.6357604483508705
0.3,full,8,456,honest_0.70_adv_0.30,cooperative,1.0,0.3063400465294797,0.0,6.352654007142568
0.3,full,8,789,honest_0.70_adv_0.30,cooperative,1.0,0.3137914287308075,0.0,7.6149931706481775
0.3,full,8,1001,honest_0.70_adv_0.30,cooperative,0.9433962264150944,0.33382090014859517,0.0660883625582762,6.010563860880531
0.3,full,16,42,honest_0.70_adv_0.30,contested,0.8055555555555556,0.4172580418732276,0.08317750677881436,5.338842707368368
0.3,full,16,123,honest_0.70_adv_0.30,contested,0.8125,0.3489985024709354,0.06255292133568814,6.5278047950641
0.3,full,16,456,honest_0.70_adv_0.30,cooperative,0.9285714285714286,0.3405857132388425,0.06594341587537571,9.366344732810902
0.3,full,16,789,honest_0.70_adv_0.30,cooperative,0.9622641509433962,0.32459350515050506,0.12164823094138932,13.09879760679406
0.3,full,16,1001,honest_0.70_adv_0.30,cooperative,0.9571428571428572,0.34498886700468206,0.06911497651248316,7.97283956735624
0.3,full,32,42,honest_0.70_adv_0.30,cooperative,0.9038461538461539,0.3752280365780977,0.11584210339668748,13.723053262779628
0.3,full,32,123,honest_0.70_adv_0.30,cooperative,0.9212121212121213,0.38884737091603233,0.08810673257855868,14.827260689494821
0.3,full,32,456,honest_0.70_adv_0.30,cooperative,0.9723756906077348,0.3223459177725411,0.10025452777230838,22.756261003322845
0.3,full,32,789,honest_0.70_adv_0.30,cooperative,0.9644970414201184,0.33959214874001953,0.12184085293549211,19.332530577677044
0.3,full,32,1001,honest_0.70_adv_0.30,cooperative,0.9664429530201343,0.3444380805884572,0.1297853643295717,17.116268084186846
0.375,none,4,42,honest_0.62_adv_0.38,collapse,0.29577464788732394,0.49625411959804405,0.09688804274642575,1.5270369619195499
0.375,none,4,123,honest_0.62_adv_0.38,collapse,0.6181818181818182,0.5641287813138075,0.03542506575400368,0.5542533257308845
0.375,none,4,456,honest_0.62_adv_0.38,cooperative,1.0,0.25781358017769346,0.0,5.390387303744375
0.375,none,4,789,honest_0.62_adv_0.38,cooperative,1.0,0.2481060578350995,0.0,5.881846353432544
0.375,none,4,1001,honest_0.62_adv_0.38,contested,0.7777777777777778,0.3441453831013641,0.16949936839945168,3.789733905804688
0.375,none,8,42,honest_0.62_adv_0.38,contested,0.6078431372549019,0.4745095431388915,0.11597293138664481,4.037870802080186
0.375,none,8,123,honest_0.62_adv_0.38,contested,0.6203703703703703,0.4983844997037062,0.09447405945654441,3.4915147774141615
0.375,none,8,456,honest_0.62_adv_0.38,cooperative,1.0,0.2611342546889605,0.0,12.064773164906375
0.375,none,8,789,honest_0.62_adv_0.38,contested,0.6829268292682927,0.3215232035759748,0.26912882209714495,8.362967382842639
0.375,none,8,1001,honest_0.62_adv_0.38,contested,0.8055555555555556,0.4126350946904708,0.1819957479694189,5.942289321838227
0.375,none,16,42,honest_0.62_adv_0.38,contested,0.6262135922330098,0.4740508231564963,0.11038619441043418,8.642297666557099
0.375,none,16,123,honest_0.62_adv_0.38,contested,0.43983402489626555,0.49602130335204064,0.09262316023588524,5.62564816762663
0.375,none,16,456,honest_0.62_adv_0.38,contested,0.54375,0.28367173279902197,0.29928773621658705,14.907128700862954
0.375,none,16,789,honest_0.62_adv_0.38,contested,0.5106382978723404,0.3943180480006722,0.18692573785232638,10.954653272982155
0.375,none,16,1001,honest_0.62_adv_0.38,contested,0.7843137254901961,0.37987284972725704,0.20208520963946272,14.19378106377735
0.375,none,32,42,honest_0.62_adv_0.38,contested,0.4666666666666667,0.40888213147538116,0.17348724121603132,12.780362939304451
0.375,none,32,123,honest_0.62_adv_0.38,contested,0.36524822695035464,0.46231267605923576,0.12786052620453167,7.408804399021826
0.375,none,32,456,honest_0.62_adv_0.38,contested,0.6237113402061856,0.32718415325283573,0.25521057643207845,17.985235382460143
0.375,none,32,789,honest_0.62_adv_0.38,contested,0.4489795918367347,0.3622069614396446,0.22528154135902767,14.527670076409116
0.375,none,32,1001,honest_0.62_adv_0.38,contested,0.7371428571428571,0.35073043235380036,0.2391359174063821,17.533186688897324
0.375,basic,4,42,honest_0.62_adv_0.38,contested,0.34328358208955223,0.4734453970427485,0.12919643965440064,1.6109787359839707
0.375,basic,4,123,honest_0.62_adv_0.38,collapse,0.8636363636363636,0.550044755124663,0.02896223120278436,1.1504999863585303
0.375,basic,4,456,honest_0.62_adv_0.38,cooperative,1.0,0.25687127704089596,0.0,5.258194647398306
0.375,basic,4,789,honest_0.62_adv_0.38,cooperative,1.0,0.24948882969413447,0.0,4.947101320010358
0.375,basic,4,1001,honest_0.62_adv_0.38,contested,0.7906976744186046,0.36617894297917236,0.18337256563706705,3.8624889390498343
0.375,basic,8,42,honest_0.62_adv_0.38,contested,0.6355140186915887,0.45524119743428426,0.13322241151614464,4.8410253044055835
0.375,basic,8,123,honest_0.62_adv_0.38,collapse,0.6262626262626263,0.5244095616911562,0.058453985802578705,2.063937896564109
0.375,basic,8,456,honest_0.62_adv_0.38,cooperative,1.0,0.25668366711707274,0.0,9.771734213121114
0.375,basic,8,789,honest_0.62_adv_0.38,contested,0.6025641025641025,0.3504643923285631,0.24421903113798135,6.031135171278564
0.375,basic,8,1001,honest_0.62_adv_0.38,cooperative,0.8831168831168831,0.3795094040659628,0.17698304251468558,7.714709350379582
0.375,basic,16,42,honest_0.62_adv_0.38,contested,0.6064814814814815,0.4317069286106014,0.15007787552585342,11.137187555460931
0.375,basic,16,123,honest_0.62_adv_0.38,collapse,0.4791666666666667,0.5048009255379248,0.08415616826138983,5.089277371721161
0.375,basic,16,456,honest_0.62_adv_0.38,contested,0.558282208588957,0.27837124327377777,0.30487235490676384,15.206004814942075
0.375,basic,16,789,honest_0.62_adv_0.38,contested,0.5,0.38402703527762644,0.20179946178450822,10.719773658816903
0.375,basic,16,1001,honest_0.62_adv_0.38,contested,0.8070175438596491,0.37022918948079275,0.21042424974816734,16.105479125630083
0.375,basic,32,42,honest_0.62_adv_0.38,contested,0.5020080321285141,0.4214195348313446,0.16287158939245164,11.031943549345895
0.375,basic,32,123,honest_0.62_adv_0.38,contested,0.34,0.45610329003664446,0.1284999214950633,6.658227701932219
0.375,basic,32,456,honest_0.62_adv_0.38,contested,0.6544502617801047,0.31909096518003416,0.26023319942723916,17.976478617654163
0.375,basic,32,789,honest_0.62_adv_0.38,contested,0.5,0.3787341653051756,0.21018694455160594,13.78360873854409
0.375,basic,32,1001,honest_0.62_adv_0.38,contested,0.8360655737704918,0.3631563903351582,0.222798443421423,18.2441569830322
0.375,moderate,4,42,honest_0.62_adv_0.38,collapse,0.0,0.0,0.0,0.0
0.375,moderate,4,123,honest_0.62_adv_0.38,contested,0.7692307692307693,0.19782508881769512,-0.005619239325850077,0.04204331337958894
0.375,moderate,4,456,honest_0.62_adv_0.38,cooperative,1.0,0.2619315670334588,0.0,4.8477640288649075
0.375,moderate,4,789,honest_0.62_adv_0.38,cooperative,1.0,0.24686581277438266,0.0,2.828718496563393
0.375,moderate,4,1001,honest_0.62_adv_0.38,cooperative,0.9230769230769231,0.27584902691658236,0.08639283682621263,3.9209611951813645
0.375,moderate,8,42,honest_0.62_adv_0.38,contested,0.8297872340425532,0.31842723602263767,0.12585736580626292,5.28462964004717
0.375,moderate,8,123,honest_0.62_adv_0.38,cooperative,0.8571428571428571,0.37448560092962785,0.08284385931851748,3.5015703801018607
0.375,moderate,8,456,honest_0.62_adv_0.38,cooperative,1.0,0.2630697115783994,0.0,9.652995639514181
0.375,moderate,8,789,honest_0.62_adv_0.38,cooperative,0.8541666666666666,0.2625432507379309,0.08894963707211585,6.880933551647623
0.375,moderate,8,1001,honest_0.62_adv_0.38,cooperative,0.9791666666666666,0.28383607572451036,0.03606810185864858,6.995698241476814
0.375,moderate,16,42,honest_0.62_adv_0.38,contested,0.8333333333333334,0.34184018083623485,0.10381426048718793,8.314828933291961
0.375,moderate,16,123,honest_0.62_adv_0.38,contested,0.6805555555555556,0.3772834510389466,0.10331224268097323,4.522494318570625
0.375,moderate,16,456,honest_0.62_adv_0.38,cooperative,0.9292929292929293,0.2869075853989236,0.0834822225406775,14.289243342542653
0.375,moderate,16,789,honest_0.62_adv_0.38,contested,0.8068181818181818,0.2987243348551714,0.1857508941454106,10.405151313829458
0.375,moderate,16,1001,honest_0.62_adv_0.38,cooperative,0.96,0.28955085955882254,0.12840309147786977,14.869827568345114
0.375,moderate,32,42,honest_0.62_adv_0.38,cooperative,0.92,0.34085478691777293,0.19182171151799673,20.095098293724053
0.375,moderate,32,123,honest_0.62_adv_0.38,cooperative,0.901840490797546,0.3578918527384311,0.17981791864448113,16.279182464445984
0.375,moderate,32,456,honest_0.62_adv_0.38,cooperative,0.9661016949152542,0.27422446484390167,0.14582299089636305,27.574181419112524
0.375,moderate,32,789,honest_0.62_adv_0.38,cooperative,0.9047619047619048,0.3313495552220161,0.20018476207389643,19.85103870220267
0.375,moderate,32,1001,honest_0.62_adv_0.38,cooperative,0.9869281045751634,0.28423237536365203,0.09269932020091483,23.373876971322986
0.375,full,4,42,honest_0.62_adv_0.38,contested,0.5625,0.22275835386574636,0.03597354839287898,0.6113485900789911
0.375,full,4,123,honest_0.62_adv_0.38,contested,0.8,0.24030443914694563,0.04968181890958124,0.5978980199731414
0.375,full,4,456,honest_0.62_adv_0.38,cooperative,1.0,0.33049086496569813,0.0,2.917935340042566
0.375,full,4,789,honest_0.62_adv_0.38,cooperative,1.0,0.27574208628084856,0.0,3.341437074791457
0.375,full,4,1001,honest_0.62_adv_0.38,contested,0.8333333333333334,0.14492204708213605,0.0,1.192382124510884
0.375,full,8,42,honest_0.62_adv_0.38,contested,0.6551724137931034,0.34342060979193745,0.1560127181787501,1.7287064669276921
0.375,full,8,123,honest_0.62_adv_0.38,contested,0.4666666666666667,0.18855483509026402,0.028358318839368336,1.2837139330359557
0.375,full,8,456,honest_0.62_adv_0.38,cooperative,1.0,0.28877092215498723,0.0,5.957407155599309
0.375,full,8,789,honest_0.62_adv_0.38,contested,0.8333333333333334,0.3227584557912052,0.09086277824537474,3.773695015702477
0.375,full,8,1001,honest_0.62_adv_0.38,cooperative,0.9090909090909091,0.34193798429005434,0.12770553596088483,4.781001699256692
0.375,full,16,42,honest_0.62_adv_0.38,contested,0.696969696969697,0.37387837560202014,0.14702149348112742,4.222852473160874
0.375,full,16,123,honest_0.62_adv_0.38,contested,0.5396825396825397,0.43980746399147524,0.046679839030886024,2.5053990018991543
0.375,full,16,456,honest_0.62_adv_0.38,cooperative,0.9111111111111111,0.33870303930169143,0.12501775030699017,9.902013725915022
0.375,full,16,789,honest_0.62_adv_0.38,contested,0.7837837837837838,0.36855090341136915,0.18795930708649763,6.2915085532987005
0.375,full,16,1001,honest_0.62_adv_0.38,cooperative,0.9156626506024096,0.3272512686034943,0.12772011633593994,9.723048542639868
0.375,full,32,42,honest_0.62_adv_0.38,cooperative,0.8636363636363636,0.3974331857417795,0.13594084349431998,11.934796800310723
0.375,full,32,123,honest_0.62_adv_0.38,cooperative,0.85,0.40352966194072787,0.15264600054346833,9.220062653071375
0.375,full,32,456,honest_0.62_adv_0.38,cooperative,0.9751552795031055,0.3406257162116029,0.11159789855707335,18.725028212583833
0.375,full,32,789,honest_0.62_adv_0.38,cooperative,0.8987341772151899,0.3768032882508257,0.17348229531839376,13.80489254359467
0.375,full,32,1001,honest_0.62_adv_0.38,cooperative,0.9702380952380952,0.34126323039597567,0.12351246202626542,19.513958716808823
0.5,none,4,42,honest_0.50_adv_0.50,collapse,0.29508196721311475,0.4595726815778765,0.1307535329380766,1.4139446832324516
0.5,none,4,123,honest_0.50_adv_0.50,collapse,0.0,0.0,0.0,0.0
0.5,none,4,456,honest_0.50_adv_0.50,contested,0.6774193548387096,0.4542026397934671,0.10187958616558797,1.9295184453243373
0.5,none,4,789,honest_0.50_adv_0.50,collapse,0.48484848484848486,0.5603297411282687,0.027745271635696483,0.6491687278183836
0.5,none,4,1001,honest_0.50_adv_0.50,cooperative,0.85,0.3672740433600785,0.16578565631740041,4.235553924806001
0.5,none,8,42,honest_0.50_adv_0.50,contested,0.6428571428571429,0.49897169829962246,0.09091061502359805,3.2913287598438337
0.5,none,8,123,honest_0.50_adv_0.50,collapse,0.6403508771929824,0.5655222016130272,0.02520369574500837,0.7418349097149054
0.5,none,8,456,honest_0.50_adv_0.50,cooperative,0.9375,0.3598275971714473,0.11796211580597722,7.870296984534618
0.5,none,8,789,honest_0.50_adv_0.50,collapse,0.6728971962616822,0.5351762498946776,0.047175246006504544,2.2910915561659864
0.5,none,8,1001,honest_0.50_adv_0.50,contested,0.67,0.36233915057573113,0.23551254546659928,8.397293516695836
0.5,none,16,42,honest_0.50_adv_0.50,contested,0.5720720720720721,0.48595415071325093,0.09400767976772473,7.8722677845397735
0.5,none,16,123,honest_0.50_adv_0.50,collapse,0.3533834586466165,0.5388364605581059,0.055993617721731496,2.562574798824532
0.5,none,16,456,honest_0.50_adv_0.50,contested,0.3870967741935484,0.31894396123472457,0.27084802864040974,10.983596029196898
0.5,none,16,789,honest_0.50_adv_0.50,contested,0.4166666666666667,0.48874616178319347,0.09730810022802572,5.747176631068744
0.5,none,16,1001,honest_0.50_adv_0.50,contested,0.6428571428571429,0.43760837716508444,0.15330031174135886,10.026480641679699
0.5,none,32,42,honest_0.50_adv_0.50,contested,0.4352517985611511,0.3989144283837575,0.18880794821100677,12.919879124401126
0.5,none,32,123,honest_0.50_adv_0.50,collapse,0.19047619047619047,0.47174395890360277,0.11462907946672547,4.478939102071435
0.5,none,32,456,honest_0.50_adv_0.50,contested,0.4789272030651341,0.35442282588344676,0.23053884325231902,16.323170749526554
0.5,none,32,789,honest_0.50_adv_0.50,contested,0.41368078175895767,0.45191466958158805,0.13713207510601913,9.939478257404398
0.5,none,32,1001,honest_0.50_adv_0.50,contested,0.7323232323232324,0.39214589939769423,0.19550975856200345,16.309595131346388
0.5,basic,4,42,honest_0.50_adv_0.50,collapse,0.2222222222222222,0.34385357746812883,0.15164792983719322,1.2542827824229625
0.5,basic,4,123,honest_0.50_adv_0.50,collapse,0.0,0.0,0.0,0.0
0.5,basic,4,456,honest_0.50_adv_0.50,contested,0.6578947368421053,0.33413406285051134,0.2535338770372905,3.5523979664416494
0.5,basic,4,789,honest_0.50_adv_0.50,collapse,0.5333333333333333,0.5525542023985199,0.050503034994931785,0.8119773266310827
0.5,basic,4,1001,honest_0.50_adv_0.50,contested,0.8333333333333334,0.45282996323297314,0.10237057356130741,2.0581608143832923
0.5,basic,8,42,honest_0.50_adv_0.50,contested,0.6145833333333334,0.4742676294831203,0.11996777412195662,3.7687848175715577
0.5,basic,8,123,honest_0.50_adv_0.50,collapse,0.5555555555555556,0.5427088428056687,0.04954697569337699,1.8389446601993182
0.5,basic,8,456,honest_0.50_adv_0.50,cooperative,0.9245283018867925,0.3578364224255873,0.1612795881256858,6.075422593674765
0.5,basic,8,789,honest_0.50_adv_0.50,collapse,0.6339285714285714,0.5296981840653324,0.07015267231084056,2.2821485612329373
0.5,basic,8,1001,honest_0.50_adv_0.50,contested,0.5063291139240507,0.41872493710133046,0.17940741232829624,3.5673655062316247
0.5,basic,16,42,honest_0.50_adv_0.50,contested,0.6009615384615384,0.4667322697767493,0.12593689411908235,8.048491956296429
0.5,basic,16,123,honest_0.50_adv_0.50,collapse,0.324,0.5546249016292512,0.03874489926324379,1.3972383378180135
0.5,basic,16,456,honest_0.50_adv_0.50,contested,0.3712871287128713,0.34319857235080836,0.2458448513184126,10.01567278499205
0.5,basic,16,789,honest_0.50_adv_0.50,collapse,0.4262948207171315,0.5201181586121665,0.0691687858565934,3.782660474507306
0.5,basic,16,1001,honest_0.50_adv_0.50,contested,0.6519337016574586,0.392362891135003,0.1968205710523738,12.381931192449725
0.5,basic,32,42,honest_0.50_adv_0.50,contested,0.48148148148148145,0.4088254485505776,0.1799524605176593,13.380341970589201
0.5,basic,32,123,honest_0.50_adv_0.50,collapse,0.19207317073170732,0.4921850734914139,0.09516307468610928,3.331304678394718
0.5,basic,32,456,honest_0.50_adv_0.50,contested,0.4140625,0.3497894577960128,0.2387640992523129,13.206604596768775
0.5,basic,32,789,honest_0.50_adv_0.50,contested,0.41118421052631576,0.4497948646239041,0.13646860635346023,9.154284057841567
0.5,basic,32,1001,honest_0.50_adv_0.50,contested,0.689119170984456,0.38057751445010296,0.20812616528273534,14.808324801646927
0.5,moderate,4,42,honest_0.50_adv_0.50,contested,0.4,0.14120486647451247,0.051390678174274444,0.5035412729825671
0.5,moderate,4,123,honest_0.50_adv_0.50,collapse,0.0,0.0,0.0,0.0
0.5,moderate,4,456,honest_0.50_adv_0.50,cooperative,0.9090909090909091,0.2907529243213122,0.09223188189500847,4.722497010018036
0.5,moderate,4,789,honest_0.50_adv_0.50,contested,0.6153846153846154,0.35462480191196494,0.03338425172685044,0.21210458524971484
0.5,moderate,4,1001,honest_0.50_adv_0.50,cooperative,0.9375,0.2753668560808344,0.08750202500233399,4.922498431114749
0.5,moderate,8,42,honest_0.50_adv_0.50,cooperative,0.9047619047619048,0.3619168504518668,0.06479775961643834,4.400604602336396
0.5,moderate,8,123,honest_0.50_adv_0.50,contested,0.7647058823529411,0.3895900224955488,0.10489435214097638,1.7275527182196082
0.5,moderate,8,456,honest_0.50_adv_0.50,cooperative,0.9821428571428571,0.2651987030192284,0.045487758102946425,9.026748388158419
0.5,moderate,8,789,honest_0.50_adv_0.50,contested,0.7714285714285715,0.39318808385410847,0.05697887363322601,2.4447358296625183
0.5,moderate,8,1001,honest_0.50_adv_0.50,cooperative,0.8723404255319149,0.29803252982245393,0.1824236852909827,6.119730642473315
0.5,moderate,16,42,honest_0.50_adv_0.50,contested,0.8076923076923077,0.3350917830958959,0.14392877559278353,7.155078206319882
0.5,moderate,16,123,honest_0.50_adv_0.50,contested,0.484375,0.42079946801887963,0.07656540308310007,2.215970579958439
0.5,moderate,16,456,honest_0.50_adv_0.50,contested,0.8192771084337349,0.3132459641705722,0.15417662619855887,9.357907341081827
0.5,moderate,16,789,honest_0.50_adv_0.50,contested,0.684931506849315,0.3376037844028596,0.13898771571525884,5.09607672298332
0.5,moderate,16,1001,honest_0.50_adv_0.50,cooperative,0.9042553191489362,0.30209930189871775,0.18629371920233828,12.439489766042191
0.5,moderate,32,42,honest_0.50_adv_0.50,cooperative,0.8838709677419355,0.35014907106648074,0.25652177943445276,15.844248343666386
0.5,moderate,32,123,honest_0.50_adv_0.50,contested,0.8402777777777778,0.3847909333115576,0.14326490305813644,11.063182537507823
0.5,moderate,32,456,honest_0.50_adv_0.50,cooperative,0.9151515151515152,0.3158274437906473,0.2698753866289395,20.807558198977993
0.5,moderate,32,789,honest_0.50_adv_0.50,cooperative,0.8535031847133758,0.36899744079151997,0.23151344506576876,14.4671599609934
0.5,moderate,32,1001,honest_0.50_adv_0.50,cooperative,0.9154929577464789,0.32783132072040205,0.22188117986849842,17.798588542638033
0.5,full,4,42,honest_0.50_adv_0.50,contested,0.7368421052631579,0.24121350321839916,0.12237063896530986,1.5139734770373436
0.5,full,4,123,honest_0.50_adv_0.50,collapse,0.0,0.0,0.0,0.0
0.5,full,4,456,honest_0.50_adv_0.50,contested,0.8333333333333334,0.2827870357190887,0.03187320864401385,2.4392748014337258
0.5,full,4,789,honest_0.50_adv_0.50,contested,0.4166666666666667,0.20030670860043065,0.006539077576000131,-0.06103759375641026
0.5,full,4,1001,honest_0.50_adv_0.50,contested,0.8333333333333334,0.23770647458637373,0.04836548117379701,1.990294636378825
0.5,full,8,42,honest_0.50_adv_0.50,contested,0.56,0.34709004925514303,0.08648163376286185,1.1772734634422586
0.5,full,8,123,honest_0.50_adv_0.50,contested,0.4827586206896552,0.20950867763618064,0.005444459462418154,0.569134490153019
0.5,full,8,456,honest_0.50_adv_0.50,cooperative,0.9487179487179487,0.3218620899939653,0.08146480330450681,4.778822384235041
0.5,full,8,789,honest_0.50_adv_0.50,contested,0.6944444444444444,0.4045844799992788,0.028655038862826183,1.6413357191847562
0.5,full,8,1001,honest_0.50_adv_0.50,contested,0.8292682926829268,0.35130644967723895,0.14682740419186524,3.8160073031015274
0.5,full,16,42,honest_0.50_adv_0.50,contested,0.6896551724137931,0.42785697452109356,0.06114024343475951,2.4509191921730515
0.5,full,16,123,honest_0.50_adv_0.50,contested,0.3484848484848485,0.3197201275101534,0.03721212481169547,1.6676854157866414
0.5,full,16,456,honest_0.50_adv_0.50,contested,0.7654320987654321,0.34056604717879324,0.14837889399592816,7.231659012642665
0.5,full,16,789,honest_0.50_adv_0.50,contested,0.6142857142857143,0.3504155167880463,0.13962330935813128,3.478669662809961
0.5,full,16,1001,honest_0.50_adv_0.50,cooperative,0.9032258064516129,0.35830276959300694,0.1317949465619362,9.312783724181584
0.5,full,32,42,honest_0.50_adv_0.50,cooperative,0.9072847682119205,0.39591366984944654,0.09824744115994684,11.037086910368723
0.5,full,32,123,honest_0.50_adv_0.50,contested,0.7637795275590551,0.44361261568744675,0.15070532526980665,5.767856955097169
0.5,full,32,456,honest_0.50_adv_0.50,cooperative,0.9281045751633987,0.3655038763588532,0.10135932032120894,15.110672059668147
0.5,full,32,789,honest_0.50_adv_0.50,contested,0.8211920529801324,0.41903268972522434,0.09270639913110873,9.107644296835305
0.5,full,32,1001,honest_0.50_adv_0.50,cooperative,0.9482758620689655,0.36601569813811513,0.23560992222803032,17.284522441536012
