governance.transaction_tax_rate,governance.circuit_breaker_enabled,governance.collusion_detection_enabled,run_index,seed,total_interactions,accepted_interactions,toxicity_rate,quality_gap,welfare,welfare_per_epoch,n_agents,n_frozen,avg_reputation,avg_payoff,min_payoff,max_payoff,honest_payoff,opportunistic_payoff,deceptive_payoff,adversarial_payoff
0.0,False,False,0,43,70,70,0.266902321224362,0.0,102.15541385260765,25.538853463151913,8,0,1.8923799332394926,12.769426731575955,3.7805007511019904,52.82915109082248,12.769426731575955,0.0,0.0,0.0
0.0,False,False,1,44,80,80,0.2605024819631883,0.0,121.40056280254174,30.350140700635436,8,0,2.2731687701009613,15.175070350317714,5.434938806052034,62.79049461152653,15.175070350317714,0.0,0.0,0.0
0.0,False,False,2,45,71,71,0.25876524996121947,0.0,106.65889272519465,26.664723181298662,8,0,1.9640451257864386,13.33236159064933,1.7005793181600692,54.86128747691934,13.33236159064933,0.0,0.0,0.0
0.0,False,False,3,46,59,59,0.26206352058391486,0.0,87.89210751746678,21.973026879366696,8,0,1.6326132432155933,10.986513439683348,2.9642523803580936,45.28339009488982,10.986513439683348,0.0,0.0,0.0
0.0,False,False,4,47,87,87,0.2685906555521393,0.0,126.65513494331394,31.663783735828485,8,0,2.3422509137365264,15.83189186791424,6.605073523509631,65.75400111844064,15.83189186791424,0.0,0.0,0.0
0.0,False,False,5,48,70,70,0.25259750276240944,0.0,107.71587013389106,26.928967533472765,8,0,1.9777647712059419,13.46448376673638,4.001411184252985,55.56793850560662,13.46448376673638,0.0,0.0,0.0
0.0,False,False,6,49,69,69,0.26844454880750823,0.0,100.15678171848248,25.03919542962062,8,0,1.8226774318657646,12.519597714810311,4.117054150432798,51.66435906381868,12.519597714810311,0.0,0.0,0.0
0.0,False,False,7,50,82,82,0.25987402695707196,0.0,123.83590561079129,30.95897640269782,8,0,2.315122389042138,15.479488201348914,3.7756869117409075,63.819886753636254,15.479488201348914,0.0,0.0,0.0
0.0,False,False,8,51,80,80,0.25466969284798435,0.0,122.8282329301215,30.707058232530375,8,0,2.280278100020331,15.353529116265188,5.0049528793626425,63.2490509480762,15.353529116265188,0.0,0.0,0.0
0.0,False,False,9,52,69,69,0.2694576139596623,0.0,100.67737447510234,25.169343618775585,8,0,1.8705690068409044,12.584671809387793,3.599596706106181,51.93085311520936,12.584671809387793,0.0,0.0,0.0
0.0,False,True,0,53,84,84,0.2741435796195992,0.0,119.96864133523768,29.99216033380942,8,0,2.2143035311575296,14.99608016690471,5.6340273750571495,62.40250760607921,14.99608016690471,0.0,0.0,0.0
0.0,False,True,1,54,86,86,0.2676691792331594,0.0,125.54429055979402,31.386072639948505,8,0,2.320500810692972,15.693036319974254,4.4731749657876385,65.00932314372822,15.693036319974254,0.0,0.0,0.0
0.0,False,True,2,55,79,79,0.26492272456630095,0.0,116.62986076496333,29.15746519124083,8,0,2.154655451510164,14.57873259562042,3.989973717514184,60.392362740297294,14.57873259562042,0.0,0.0,0.0
0.0,False,True,3,56,78,78,0.2513795881673046,0.0,121.52279025785207,30.380697564463016,8,0,2.2634414892661625,15.190348782231506,4.763444538353078,62.63423067252679,15.190348782231506,0.0,0.0,0.0
0.0,False,True,4,57,80,80,0.25459392463607505,0.0,123.16284996943878,30.790712492359695,8,0,2.280186751878431,15.395356246179848,5.6926148517913395,63.54517992397864,15.395356246179848,0.0,0.0,0.0
0.0,False,True,5,58,81,81,0.26402585529694805,0.0,119.42856518072509,29.857141295181272,8,0,2.2101397086242294,14.928570647590638,2.3808593173310983,61.49975385003893,14.928570647590638,0.0,0.0,0.0
0.0,False,True,6,59,77,77,0.25126391696034533,0.0,118.81569818663894,29.703924546659735,8,0,2.2025706342606983,14.851962273329868,5.523213047649015,61.5807999108093,14.851962273329868,0.0,0.0,0.0
0.0,False,True,7,60,74,74,0.2518784952083633,0.0,112.19229353675223,28.048073384188058,8,0,2.051663091571591,14.024036692094029,4.184856247518119,57.74001760672116,14.024036692094029,0.0,0.0,0.0
0.0,False,True,8,61,73,73,0.25583665686131113,0.0,111.09232318154496,27.77308079538624,8,0,2.0508956914673453,13.886540397693121,5.225033719853169,57.54969528923498,13.886540397693121,0.0,0.0,0.0
0.0,False,True,9,62,77,77,0.2539469652531705,0.0,119.07581590839321,29.768953977098302,8,0,2.22386161237147,14.884476988549155,3.4775656760951414,61.41471262791179,14.884476988549155,0.0,0.0,0.0
0.0,True,False,0,63,73,73,0.25259841399544913,0.0,113.04084101850064,28.26021025462516,8,0,2.10348678453523,14.130105127312579,4.208619168764741,58.50615222789521,14.130105127312579,0.0,0.0,0.0
0.0,True,False,1,64,78,78,0.2609108042525376,0.0,117.09500878735176,29.27375219683794,8,0,2.1711267521499176,14.636876098418972,2.475830260525487,60.42721533127409,14.636876098418972,0.0,0.0,0.0
0.0,True,False,2,65,76,76,0.2672914334973552,0.0,112.25313436396192,28.06328359099048,8,0,2.08830588997872,14.031641795495242,4.548503748573408,58.19969749898969,14.031641795495242,0.0,0.0,0.0
0.0,True,False,3,66,75,75,0.2666671848007504,0.0,109.86456533637214,27.466141334093034,8,0,2.026592568146631,13.733070667046517,2.3347885182655483,57.023905979940444,13.733070667046517,0.0,0.0,0.0
0.0,True,False,4,67,68,68,0.2763545020445644,0.0,97.97861206833886,24.494653017084715,8,0,1.8353509721880823,12.247326508542356,4.283271757322759,50.5437371941124,12.247326508542356,0.0,0.0,0.0
0.0,True,False,5,68,67,67,0.2670774373126886,0.0,98.07215673143486,24.518039182858715,8,0,1.816128841073028,12.259019591429357,2.2711499852841834,50.55015362056232,12.259019591429357,0.0,0.0,0.0
0.0,True,False,6,69,76,76,0.2600937876682696,0.0,114.26146060371282,28.565365150928205,8,0,2.1254480429690803,14.282682575464104,3.1915278307982153,58.925208547640345,14.282682575464104,0.0,0.0,0.0
0.0,True,False,7,70,68,68,0.25161689772607626,0.0,105.39137256427793,26.347843141069482,8,0,1.9363578612154024,13.173921570534743,4.786915951979133,54.28513796993827,13.173921570534743,0.0,0.0,0.0
0.0,True,False,8,71,73,73,0.25162538900359777,0.0,112.93157696140578,28.232894240351445,8,0,2.0878837430899932,14.116447120175721,4.162200489642009,58.17212613079872,14.116447120175721,0.0,0.0,0.0
0.0,True,False,9,72,76,76,0.2595645234219096,0.0,114.1001682937071,28.525042073426775,8,0,2.1014366786728256,14.26252103671339,3.5200358953800333,59.22313428493263,14.26252103671339,0.0,0.0,0.0
0.0,True,True,0,73,73,73,0.2569810469749335,0.0,111.4095277610579,27.852381940264475,8,0,2.076423151583687,13.926190970132238,1.9129279802940826,57.36585706547719,13.926190970132238,0.0,0.0,0.0
0.0,True,True,1,74,85,85,0.2597422168266947,0.0,127.9798270629426,31.99495676573565,8,0,2.3717905811508007,15.997478382867827,6.251531486945452,65.97290782043363,15.997478382867827,0.0,0.0,0.0
0.0,True,True,2,75,84,84,0.2610929472717439,0.0,126.82568141828261,31.706420354570653,8,0,2.3607893043358774,15.853210177285325,4.643881934170903,65.7580349858548,15.853210177285325,0.0,0.0,0.0
0.0,True,True,3,76,80,80,0.25795086028848396,0.0,121.7551105066677,30.438777626666926,8,0,2.2682431314056197,15.219388813333465,5.734056965178767,62.91384353917316,15.219388813333465,0.0,0.0,0.0
0.0,True,True,4,77,69,69,0.2606725145659433,0.0,103.8294697017196,25.9573674254299,8,0,1.9330103257252869,12.97868371271495,3.8076324962995036,53.70486934285518,12.97868371271495,0.0,0.0,0.0
0.0,True,True,5,78,71,71,0.2622185337671454,0.0,107.17735748315629,26.79433937078907,8,0,2.0076538112000866,13.397169685394537,4.1271707582111175,55.22174121119628,13.397169685394537,0.0,0.0,0.0
0.0,True,True,6,79,68,68,0.24388368597419302,0.0,108.70926140939463,27.177315352348657,8,0,2.002725360069478,13.588657676174327,2.33338366757899,56.184710558947785,13.588657676174327,0.0,0.0,0.0
0.0,True,True,7,80,77,77,0.26126787335635276,0.0,114.53348020146288,28.63337005036572,8,0,2.1206639727321295,14.316685025182862,4.387424373089951,58.997358791955875,14.316685025182862,0.0,0.0,0.0
0.0,True,True,8,81,74,74,0.26518054307475547,0.0,108.8322360555913,27.208059013897824,8,0,1.9967357294904116,13.604029506948914,2.608106165116756,56.442352422308836,13.604029506948914,0.0,0.0,0.0
0.0,True,True,9,82,72,72,0.2653845624517272,0.0,106.35166129997421,26.587915324993553,8,0,1.9676618550967329,13.293957662496776,3.499736966665788,55.054373648199636,13.293957662496776,0.0,0.0,0.0
0.03,False,False,0,83,72,72,0.2591961130764564,0.0,104.89133698438856,26.22283424609714,8,0,1.8321623205325328,13.111417123048572,4.035985165739936,54.491593902086315,13.111417123048572,0.0,0.0,0.0
0.03,False,False,1,84,77,77,0.25469353264467276,0.0,114.76189897670385,28.69047474417596,8,0,2.00898152041632,14.345237372087983,3.5825208844352665,58.97376399842883,14.345237372087983,0.0,0.0,0.0
0.03,False,False,2,85,72,72,0.2691503964363325,0.0,100.95249803306325,25.238124508265813,8,0,1.744454370247527,12.619062254132904,5.56922944411201,52.30814388640907,12.619062254132904,0.0,0.0,0.0
0.03,False,False,3,86,72,72,0.25315554847707744,0.0,109.00686369922617,27.251715924806543,8,0,1.9013975923176956,13.62585796240327,4.412515917623481,56.443062223979005,13.62585796240327,0.0,0.0,0.0
0.03,False,False,4,87,75,75,0.2629187354207444,0.0,109.18807731406598,27.297019328516495,8,0,1.9195370289855131,13.648509664258249,4.069519922838517,56.18302298828144,13.648509664258249,0.0,0.0,0.0
0.03,False,False,5,88,70,70,0.25710181514058217,0.0,105.10165973567631,26.275414933919077,8,0,1.8626089385039353,13.137707466959538,2.3521140008553316,54.054458776155045,13.137707466959538,0.0,0.0,0.0
0.03,False,False,6,89,86,86,0.25989074431757375,0.0,126.66802551931534,31.667006379828834,8,0,2.244232370251768,15.833503189914422,4.613239993065018,65.75083170552998,15.833503189914422,0.0,0.0,0.0
0.03,False,False,7,90,65,65,0.2635259133379076,0.0,94.78239483849467,23.695598709623667,8,0,1.6751318079666837,11.847799354811835,4.414171454856084,49.05286398082307,11.847799354811835,0.0,0.0,0.0
0.03,False,False,8,91,84,84,0.2558904432886485,0.0,125.17532488025971,31.293831220064927,8,0,2.1983518434076865,15.646915610032465,3.893692390762979,64.71634943390728,15.646915610032465,0.0,0.0,0.0
0.03,False,False,9,92,66,66,0.2660321772545593,0.0,94.58652968614734,23.646632421536836,8,0,1.6397945526752717,11.823316210768418,3.6736541846834165,48.81196535409261,11.823316210768418,0.0,0.0,0.0
0.03,False,True,0,93,70,70,0.28078573534411266,0.0,94.44020281915999,23.610050704789998,8,0,1.2823356404693371,11.805025352394997,3.28836929724408,48.90362797370532,11.805025352394997,0.0,0.0,0.0
0.03,False,True,1,94,74,74,0.25768768671066083,0.0,109.75083149562813,27.437707873907033,8,0,1.4789436796662094,13.718853936953517,1.706948405826473,56.514333739423684,13.718853936953517,0.0,0.0,0.0
0.03,False,True,2,95,75,75,0.2685959472865181,0.0,106.57759661898874,26.644399154747184,8,0,1.324962724521292,13.32219957737359,5.220043104169657,55.210951170236044,13.32219957737359,0.0,0.0,0.0
0.03,False,True,3,96,72,72,0.2715621580418427,0.0,101.23743387211854,25.309358468029636,8,0,1.4138079952497522,12.654679234014814,5.00167405378329,52.3712214924186,12.654679234014814,0.0,0.0,0.0
0.03,False,True,4,97,72,72,0.25864002734346525,0.0,105.70856843652608,26.42714210913152,8,0,1.431851415730142,13.213571054565758,5.181871087991837,54.46029206022703,13.213571054565758,0.0,0.0,0.0
0.03,False,True,5,98,62,62,0.26125768103230623,0.0,90.67146496032785,22.667866240081963,8,0,1.4247149093956117,11.333933120040983,2.5439254618301375,46.91150009788407,11.333933120040983,0.0,0.0,0.0
0.03,False,True,6,99,70,70,0.25146612551329445,0.0,105.60662485200879,26.401656213002198,8,0,1.3436729180287281,13.200828106501097,4.899408368415498,54.48556694786217,13.200828106501097,0.0,0.0,0.0
0.03,False,True,7,100,87,87,0.2565708085553134,0.0,130.51811829722394,32.629529574305984,8,0,1.8232061959997967,16.314764787152995,5.0618018693017435,67.56218717099303,16.314764787152995,0.0,0.0,0.0
0.03,False,True,8,101,69,69,0.2653322523460779,0.0,99.14155201009692,24.78538800252423,8,0,1.312265583700521,12.392694001262115,3.442427706308651,51.19638614051057,12.392694001262115,0.0,0.0,0.0
0.03,False,True,9,102,74,74,0.252674201020916,0.0,113.37698889516562,28.344247223791406,8,0,1.430372610435502,14.172123611895703,4.334572623329192,58.57419923913978,14.172123611895703,0.0,0.0,0.0
0.03,True,False,0,103,79,79,0.25124684056457675,0.0,119.05356741388108,29.76339185347027,8,0,2.0999129992853676,14.881695926735139,5.105846390373784,61.28518781765575,14.881695926735139,0.0,0.0,0.0
0.03,True,False,1,104,77,77,0.25338901664472757,0.0,115.90454452623194,28.976136131557986,8,0,2.0249326347104994,14.488068065778995,4.422001998671092,59.6180158625528,14.488068065778995,0.0,0.0,0.0
0.03,True,False,2,105,74,74,0.2650715791607897,0.0,106.67696555813767,26.669241389534417,8,0,1.884900719022663,13.334620694767208,2.963122555954228,54.46349275406605,13.334620694767208,0.0,0.0,0.0
0.03,True,False,3,106,74,74,0.2579507498126491,0.0,109.53240777422778,27.383101943556944,8,0,1.9094015850581647,13.691550971778474,5.460274925496497,56.50492423546746,13.691550971778474,0.0,0.0,0.0
0.03,True,False,4,107,79,79,0.2624058925038786,0.0,115.03124809921262,28.757812024803155,8,0,2.0080944260096674,14.378906012401579,4.021034828543135,59.70755474860401,14.378906012401579,0.0,0.0,0.0
0.03,True,False,5,108,71,71,0.2559930785147631,0.0,105.43859629119494,26.359649072798735,8,0,1.841730333370181,13.17982453639937,3.7846140512977904,54.68153009624234,13.17982453639937,0.0,0.0,0.0
0.03,True,False,6,109,79,79,0.2545313822077838,0.0,118.3130104625877,29.578252615646925,8,0,2.0769665204569456,14.78912630782346,2.319038250290742,60.8485786768286,14.78912630782346,0.0,0.0,0.0
0.03,True,False,7,110,79,79,0.2615701763712515,0.0,114.80624184430322,28.701560461075804,8,0,2.0206613850666604,14.350780230537906,3.843572248223333,59.38641857879432,14.350780230537906,0.0,0.0,0.0
0.03,True,False,8,111,73,73,0.2557437669317837,0.0,109.01924410200505,27.25481102550126,8,0,1.9135598617842564,13.627405512750629,3.942513924646564,56.14594997430975,13.627405512750629,0.0,0.0,0.0
0.03,True,False,9,112,74,74,0.2608413897161786,0.0,107.92593739244273,26.981484348110683,8,0,1.8851297141004333,13.490742174055342,5.581974564166249,55.799500644677956,13.490742174055342,0.0,0.0,0.0
0.03,True,True,0,113,68,68,0.2569868431008727,0.0,101.31245856503105,25.328114641257763,8,0,1.436109655580939,12.66405732062888,4.101064650410484,52.54700262538843,12.66405732062888,0.0,0.0,0.0
0.03,True,True,1,114,52,52,0.2624222023265026,0.0,75.70403931408741,18.926009828521853,8,0,1.019959844190995,9.463004914260928,3.029619044431252,39.13811324847473,9.463004914260928,0.0,0.0,0.0
0.03,True,True,2,115,67,67,0.2478653645415972,0.0,103.22181715072725,25.805454287681812,8,0,1.4559267207644924,12.902727143840904,4.65362079970834,53.2205344942007,12.902727143840904,0.0,0.0,0.0
0.03,True,True,3,116,72,72,0.26656786226433976,0.0,102.62797369643994,25.656993424109984,8,0,1.4025088148370517,12.828496712054994,4.659914704735062,53.16614251890465,12.828496712054994,0.0,0.0,0.0
0.03,True,True,4,117,72,72,0.24947898682547726,0.0,109.82062056562911,27.45515514140728,8,0,1.5294952525254246,13.727577570703641,5.164445208247172,56.28559348033928,13.727577570703641,0.0,0.0,0.0
0.03,True,True,5,118,68,68,0.2658413383233797,0.0,97.29469778359729,24.32367444589932,8,0,1.454436112032804,12.16183722294966,3.740182358935133,50.254330990551495,12.16183722294966,0.0,0.0,0.0
0.03,True,True,6,119,82,82,0.26830026892651987,0.0,118.07899984894192,29.51974996223548,8,0,1.5170246579093267,14.759874981117742,4.8602709145091225,61.02252255149558,14.759874981117742,0.0,0.0,0.0
0.03,True,True,7,120,89,89,0.2696484572209662,0.0,126.2889099093945,31.572227477348626,8,0,1.540324655762283,15.786113738674315,5.411879413641014,65.6187886880226,15.786113738674315,0.0,0.0,0.0
0.03,True,True,8,121,85,85,0.2682003927118835,0.0,121.60116218472427,30.40029054618107,8,0,1.5950315179110768,15.200145273090532,4.930462234931449,63.253901706050875,15.200145273090532,0.0,0.0,0.0
0.03,True,True,9,122,62,62,0.25117223876080597,0.0,92.72050516909937,23.180126292274842,8,0,1.117550711009341,11.590063146137421,3.5066783052688284,47.730932222321506,11.590063146137421,0.0,0.0,0.0
0.06,False,False,0,123,67,67,0.26454316953956447,0.0,93.8752419005009,23.468810475125224,8,0,1.5391757088542821,11.734405237562612,3.534820184200081,48.73420407645743,11.734405237562612,0.0,0.0,0.0
0.06,False,False,1,124,87,87,0.2579253230554758,0.0,125.81223279742903,31.453058199357258,8,0,2.0900523236068875,15.726529099678627,4.5621293653116215,64.73628056169848,15.726529099678627,0.0,0.0,0.0
0.06,False,False,2,125,78,78,0.26618713759317936,0.0,109.41084184808572,27.35271046202143,8,0,1.8100607384406202,13.676355231010714,4.224754211266113,56.32321046323959,13.676355231010714,0.0,0.0,0.0
0.06,False,False,3,126,79,79,0.26038395921267155,0.0,112.18163946464438,28.045409866161094,8,0,1.8295119990919742,14.022704933080549,3.139163221390522,57.899324481179974,14.022704933080549,0.0,0.0,0.0
0.06,False,False,4,127,87,87,0.26148167375807607,0.0,124.66362966094715,31.165907415236788,8,0,2.0423817844351486,15.582953707618394,4.253785062569914,64.34025999550013,15.582953707618394,0.0,0.0,0.0
0.06,False,False,5,128,72,72,0.25535105228623173,0.0,104.18182028362827,26.045455070907067,8,0,1.7405857883952571,13.02272753545353,1.650025539561721,53.82120068046677,13.02272753545353,0.0,0.0,0.0
0.06,False,False,6,129,55,55,0.2773306623051669,0.0,73.63902436046246,18.409756090115614,8,0,1.2011414151516284,9.204878045057805,3.523434723486082,38.18435193318051,9.204878045057805,0.0,0.0,0.0
0.06,False,False,7,130,70,70,0.2523810122972847,0.0,103.00874075420634,25.752185188551586,8,0,1.6998667997761505,12.876092594275793,2.7064196421787186,52.80704891881237,12.876092594275793,0.0,0.0,0.0
0.06,False,False,8,131,80,80,0.26348984782706775,0.0,112.65955519970716,28.16488879992679,8,0,1.8527524142438354,14.082444399963396,5.506636587331853,58.389571719493716,14.082444399963396,0.0,0.0,0.0
0.06,False,False,9,132,87,87,0.25252236038604875,0.0,128.29688983319787,32.07422245829947,8,0,2.125136322648504,16.037111229149733,5.360736411240132,66.28994767215904,16.037111229149733,0.0,0.0,0.0
0.06,False,True,0,133,60,60,0.2583885038314536,0.0,86.12607499538801,21.531518748847002,8,0,1.0837361353190147,10.765759374423501,3.37196454044801,44.38270193807228,10.765759374423501,0.0,0.0,0.0
0.06,False,True,1,134,64,64,0.2651340487535388,0.0,88.70646150427477,22.176615376068693,8,0,0.8361146209291762,11.088307688034343,2.240064308061721,46.204243861392996,11.088307688034343,0.0,0.0,0.0
0.06,False,True,2,135,80,80,0.26356885383058337,0.0,113.89981966269062,28.474954915672654,8,0,1.362731237569221,14.237477457836329,4.418079284993766,58.83251732933041,14.237477457836329,0.0,0.0,0.0
0.06,False,True,3,136,80,80,0.26365012980714475,0.0,113.31819044932783,28.329547612331957,8,0,1.512308082960749,14.164773806165979,3.2666752536279384,58.55763972629776,14.164773806165979,0.0,0.0,0.0
0.06,False,True,4,137,75,75,0.2703418073423123,0.0,102.68917260224711,25.672293150561778,8,0,1.209768878766462,12.83614657528089,4.093247252833103,53.21734795466587,12.83614657528089,0.0,0.0,0.0
0.06,False,True,5,138,71,71,0.2731226509141284,0.0,96.31172183389613,24.077930458474032,8,0,1.324348459400754,12.038965229237018,4.656356228964911,50.0747329838879,12.038965229237018,0.0,0.0,0.0
0.06,False,True,6,139,69,69,0.2519963849071903,0.0,102.26895571748904,25.56723892937226,8,0,1.1294382923313933,12.78361946468613,2.4275818340469355,52.77214218485095,12.78361946468613,0.0,0.0,0.0
0.06,False,True,7,140,72,72,0.26178246127805865,0.0,102.6849347857066,25.67123369642665,8,0,1.3154898113748685,12.835616848213323,4.333249832930842,53.07735708136122,12.835616848213323,0.0,0.0,0.0
0.06,False,True,8,141,65,65,0.26732009407148105,0.0,89.5360533023608,22.3840133255902,8,0,0.9299386691264298,11.1920066627951,3.965256359174367,46.64776284525113,11.1920066627951,0.0,0.0,0.0
0.06,False,True,9,142,78,78,0.2723008612550063,0.0,106.56595477176175,26.641488692940438,8,0,1.222760824924913,13.32074434647022,3.852441155954724,55.34284488169952,13.32074434647022,0.0,0.0,0.0
0.06,True,False,0,143,79,79,0.2544722250141214,0.0,115.40281860976886,28.850704652442214,8,0,1.9025735275439464,14.42535232622111,3.397753778135133,59.31916664319788,14.42535232622111,0.0,0.0,0.0
0.06,True,False,1,144,85,85,0.25408057398665007,0.0,124.49703252907565,31.124258132268913,8,0,2.039793044386117,15.562129066134458,5.001525957724409,64.2140627312584,15.562129066134458,0.0,0.0,0.0
0.06,True,False,2,145,68,68,0.2486925155511352,0.0,101.57134783116007,25.392836957790017,8,0,1.6790908112458107,12.696418478895009,3.088641333454171,52.43928697182329,12.696418478895009,0.0,0.0,0.0
0.06,True,False,3,146,89,89,0.2598840811662974,0.0,127.44525782297583,31.86131445574396,8,0,2.1196476877281505,15.930657227871984,2.652204859456872,65.56892384200765,15.930657227871984,0.0,0.0,0.0
0.06,True,False,4,147,63,63,0.2792528571554992,0.0,83.56941449842147,20.892353624605366,8,0,1.3644033936521198,10.446176812302683,2.6534197313713697,43.619775349725714,10.446176812302683,0.0,0.0,0.0
0.06,True,False,5,148,79,79,0.26419132718507754,0.0,111.25381439790777,27.813453599476944,8,0,1.80062844670074,13.90672679973847,3.6780798212355927,58.038155945684885,13.90672679973847,0.0,0.0,0.0
0.06,True,False,6,149,70,70,0.27847202024182627,0.0,92.80148382137328,23.20037095534332,8,0,1.5201566192747036,11.600185477671662,4.303302254495068,48.07014698186583,11.600185477671662,0.0,0.0,0.0
0.06,True,False,7,150,87,87,0.25161536506466664,0.0,128.90341742512356,32.22585435628089,8,0,2.142510680322145,16.112927178140446,5.9190652234483405,66.31747739096657,16.112927178140446,0.0,0.0,0.0
0.06,True,False,8,151,79,79,0.2728671190082843,0.0,105.63205206732249,26.408013016830623,8,0,1.71825375474171,13.204006508415311,1.630892061426057,55.056794912424586,13.204006508415311,0.0,0.0,0.0
0.06,True,False,9,152,84,84,0.2685786014940905,0.0,116.2369007492253,29.059225187306325,8,0,1.913355067287598,14.529612593653162,1.7154009682752522,59.77903147469987,14.529612593653162,0.0,0.0,0.0
0.06,True,True,0,153,84,84,0.26278829593456166,0.0,119.14195911963056,29.78548977990764,8,0,1.226406415418032,14.89274488995382,3.246076627870523,61.745712898644776,14.89274488995382,0.0,0.0,0.0
0.06,True,True,1,154,78,78,0.24941014851749047,0.0,116.15250813449205,29.038127033623013,8,0,1.4392953944343443,14.519063516811507,6.350975599618031,59.96390142000171,14.519063516811507,0.0,0.0,0.0
0.06,True,True,2,155,81,81,0.2700673415693219,0.0,111.43571094710745,27.858927736776863,8,0,1.2841767405335347,13.929463868388432,3.3030738307509298,57.707491935089266,13.929463868388432,0.0,0.0,0.0
0.06,True,True,3,156,69,69,0.2618525890763938,0.0,97.64010054895388,24.41002513723847,8,0,0.9544268410227893,12.205012568619239,3.27934465555508,50.48690327104327,12.205012568619239,0.0,0.0,0.0
0.06,True,True,4,157,81,81,0.2662154971820544,0.0,113.10225021488284,28.27556255372071,8,0,1.2025420204621362,14.137781276860355,4.341064329927535,58.35352825673745,14.137781276860355,0.0,0.0,0.0
0.06,True,True,5,158,78,78,0.2659036243136258,0.0,108.04450759952336,27.01112689988084,8,0,1.2673298118617202,13.50556344994042,3.422060974045354,55.898449051151445,13.50556344994042,0.0,0.0,0.0
0.06,True,True,6,159,79,79,0.2670723255535744,0.0,110.00737495159106,27.501843737897765,8,0,1.3716967511959082,13.750921868948884,3.098507027729428,56.919111682920594,13.750921868948884,0.0,0.0,0.0
0.06,True,True,7,160,78,78,0.2517985146712358,0.0,115.73726774423034,28.934316936057584,8,0,1.4912436067028196,14.467158468028794,4.927312976838337,59.402876465553554,14.467158468028794,0.0,0.0,0.0
0.06,True,True,8,161,67,67,0.25377850967409415,0.0,98.36931448161415,24.59232862040354,8,0,1.2084942671261962,12.29616431020177,5.68169270515865,50.90049743129973,12.29616431020177,0.0,0.0,0.0
0.06,True,True,9,162,73,73,0.26862849731644367,0.0,101.23115340189452,25.30778835047363,8,0,1.184408637598396,12.653894175236815,4.4706039108454805,52.542659744192065,12.653894175236815,0.0,0.0,0.0
0.1,False,False,0,163,76,76,0.27465382712783987,0.0,99.23316076542896,24.80829019135724,8,0,1.4783967410655556,12.40414509567862,2.472837767772436,51.60608054445352,12.40414509567862,0.0,0.0,0.0
0.1,False,False,1,164,75,75,0.2578371877072453,0.0,104.4351951944622,26.10879879861555,8,0,1.5715191623842415,13.054399399307774,2.975179606534422,53.875552538713116,13.054399399307774,0.0,0.0,0.0
0.1,False,False,2,165,89,89,0.2537584830334695,0.0,127.36333261495281,31.840833153738203,8,0,1.9554075362689232,15.9204165768691,4.8060243771999716,65.7853045723782,15.9204165768691,0.0,0.0,0.0
0.1,False,False,3,166,87,87,0.25471402227438056,0.0,123.08883100291088,30.77220775072772,8,0,1.8595131707251256,15.386103875363862,4.867057308833473,63.40120272619027,15.386103875363862,0.0,0.0,0.0
0.1,False,False,4,167,85,85,0.2545270254019776,0.0,121.25788309409178,30.314470773522945,8,0,1.8463517485716479,15.15723538676147,5.766990217312118,62.98098781036036,15.15723538676147,0.0,0.0,0.0
0.1,False,False,5,168,73,73,0.25841204112639293,0.0,102.35964162215474,25.589910405538685,8,0,1.526209662114499,12.79495520276934,3.3246581415720033,53.02498174448928,12.79495520276934,0.0,0.0,0.0
0.1,False,False,6,169,72,72,0.25318044096789494,0.0,102.95993857587428,25.73998464396857,8,0,1.5664285780128648,12.869992321984286,4.2512633560557855,53.15789583839013,12.869992321984286,0.0,0.0,0.0
0.1,False,False,7,170,62,62,0.2625726360555335,0.0,84.51680225729723,21.129200564324307,8,0,1.2675357475793703,10.564600282162155,3.3497524805035166,43.685541702675785,10.564600282162155,0.0,0.0,0.0
0.1,False,False,8,171,74,74,0.26574683703804997,0.0,100.01217081282974,25.003042703207434,8,0,1.4975416372092034,12.501521351603715,2.7854080092070057,51.99944292987445,12.501521351603715,0.0,0.0,0.0
0.1,False,False,9,172,81,81,0.257436266133196,0.0,113.24721876495008,28.31180469123752,8,0,1.708251116940045,14.15590234561876,3.790371590731969,58.30488194274341,14.15590234561876,0.0,0.0,0.0
0.1,False,True,0,173,63,63,0.2592267706831019,0.0,86.83336771550316,21.70834192887579,8,0,0.9341426959121103,10.854170964437897,3.479798023799864,44.94814350241894,10.854170964437897,0.0,0.0,0.0
0.1,False,True,1,174,74,74,0.2710850078756288,0.0,97.99960140000569,24.499900350001422,8,0,1.0829051495164126,12.24995017500071,3.7132472488863755,50.849356791234136,12.24995017500071,0.0,0.0,0.0
0.1,False,True,2,175,80,80,0.25546179751112347,0.0,112.44599790160984,28.11149947540246,8,0,1.0737323949910444,14.05574973770123,4.315365594180629,58.18500493501028,14.05574973770123,0.0,0.0,0.0
0.1,False,True,3,176,86,86,0.26810683816821596,0.0,116.56408371394099,29.141020928485247,8,0,1.1571359562817047,14.570510464242625,4.507225882801082,60.15613559231154,14.570510464242625,0.0,0.0,0.0
0.1,False,True,4,177,89,89,0.25998661040698473,0.0,121.62073909886249,30.40518477471562,8,0,1.2663757858797624,15.202592387357807,4.394154939063625,63.21089557860841,15.202592387357807,0.0,0.0,0.0
0.1,False,True,5,178,92,92,0.2744449715385495,0.0,120.71757287804607,30.179393219511518,8,0,1.177711857203431,15.089696609755757,5.089531516354034,63.00540068399203,15.089696609755757,0.0,0.0,0.0
0.1,False,True,6,179,79,79,0.26491726158957085,0.0,107.5853500018644,26.8963375004661,8,0,1.0470383020998542,13.448168750233052,2.8601951213240433,55.74475710094487,13.448168750233052,0.0,0.0,0.0
0.1,False,True,7,180,74,74,0.27895429908099906,0.0,95.28228565233152,23.82057141308288,8,0,0.999258665021914,11.910285706541442,3.282303290383261,49.54338700512045,11.910285706541442,0.0,0.0,0.0
0.1,False,True,8,181,79,79,0.25900410516827543,0.0,109.62277721004622,27.405694302511556,8,0,1.147188138925426,13.702847151255776,3.766771408830585,56.86089332810811,13.702847151255776,0.0,0.0,0.0
0.1,False,True,9,182,63,63,0.26531939710983826,0.0,83.98356611481492,20.99589152870373,8,0,0.7489819024468723,10.497945764351865,2.7524394828113605,43.405976737324714,10.497945764351865,0.0,0.0,0.0
0.1,True,False,0,183,72,72,0.2535224617130453,0.0,102.06299830163678,25.515749575409195,8,0,1.5400193999697287,12.757874787704596,2.217984191618588,52.71307810378832,12.757874787704596,0.0,0.0,0.0
0.1,True,False,1,184,73,73,0.2612489580121018,0.0,100.74785698063101,25.186964245157753,8,0,1.5265021211588305,12.593482122578878,3.2545656370485276,52.12220337198152,12.593482122578878,0.0,0.0,0.0
0.1,True,False,2,185,95,95,0.26582789064666124,0.0,130.4950455531817,32.62376138829543,8,0,1.9851225781644035,16.311880694147714,6.64508958544082,67.36751952605063,16.311880694147714,0.0,0.0,0.0
0.1,True,False,3,186,75,75,0.2697144117815839,0.0,100.76693872754294,25.191734681885734,8,0,1.5183028962939888,12.595867340942867,3.341975929550097,52.18470445366903,12.595867340942867,0.0,0.0,0.0
0.1,True,False,4,187,81,81,0.2656421478299776,0.0,110.06967419918911,27.517418549797277,8,0,1.6421842556250448,13.758709274898637,4.127553536585841,57.37147603956661,13.758709274898637,0.0,0.0,0.0
0.1,True,False,5,188,73,73,0.25298569792450043,0.0,103.43133074623361,25.857832686558403,8,0,1.5545111396572058,12.928916343279202,4.456209674739346,53.38124405037667,12.928916343279202,0.0,0.0,0.0
0.1,True,False,6,189,89,89,0.2531174578775616,0.0,126.06782732862857,31.516956832157142,8,0,1.9062777877539483,15.758478416078573,4.6086606006644475,64.74050698011914,15.758478416078573,0.0,0.0,0.0
0.1,True,False,7,190,78,78,0.2519073363570804,0.0,111.39903482610302,27.849758706525755,8,0,1.672759706439642,13.924879353262876,2.5438591520162817,57.43009737406703,13.924879353262876,0.0,0.0,0.0
0.1,True,False,8,191,73,73,0.2828246064618737,0.0,92.02176943886916,23.00544235971729,8,0,1.361614126765388,11.502721179858646,3.5326349263799535,47.90923871300761,11.502721179858646,0.0,0.0,0.0
0.1,True,False,9,192,70,70,0.2658638775750455,0.0,94.00604860695464,23.50151215173866,8,0,1.3860136812804638,11.75075607586933,2.3823314832618774,48.92331597653342,11.75075607586933,0.0,0.0,0.0
0.1,True,True,0,193,72,72,0.2641401701048261,0.0,97.38242912361866,24.345607280904666,8,0,0.8117178339370423,12.172803640452333,2.4202200198779416,50.433393978982814,12.172803640452333,0.0,0.0,0.0
0.1,True,True,1,194,82,82,0.26829666260876966,0.0,109.98626792260708,27.49656698065177,8,0,0.8861100899184576,13.748283490325884,3.6498253408280137,57.06352136675659,13.748283490325884,0.0,0.0,0.0
0.1,True,True,2,195,63,63,0.27313857079536374,0.0,82.07013392603936,20.51753348150984,8,0,0.6401465483619445,10.25876674075492,1.8931979829377565,42.586913164125896,10.25876674075492,0.0,0.0,0.0
0.1,True,True,3,196,78,78,0.27064225349078974,0.0,103.3129370712134,25.82823426780335,8,0,1.111130236956602,12.914117133901675,3.9363220126010843,53.6042958626266,12.914117133901675,0.0,0.0,0.0
0.1,True,True,4,197,77,77,0.2715610639327655,0.0,101.25517496886354,25.313793742215886,8,0,1.0950390520076387,12.656896871107945,4.22179037324271,52.441003751130296,12.656896871107945,0.0,0.0,0.0
0.1,True,True,5,198,61,61,0.2695612266996859,0.0,81.00467044254638,20.251167610636596,8,0,0.6072302926750641,10.125583805318294,1.9564039381861025,41.77526272762585,10.125583805318294,0.0,0.0,0.0
0.1,True,True,6,199,75,75,0.2578530015228333,0.0,104.62277731510814,26.155694328777034,8,0,1.0999462491179834,13.077847164388515,4.980563925824438,54.07044489800612,13.077847164388515,0.0,0.0,0.0
0.1,True,True,7,200,73,73,0.2712096466070537,0.0,97.50723585546714,24.376808963866786,8,0,1.0134170252931565,12.188404481933391,2.0790553649573464,50.66680378958505,12.188404481933391,0.0,0.0,0.0
0.1,True,True,8,201,75,75,0.27638473772934125,0.0,98.74692183500937,24.686730458752344,8,0,1.037286777566598,12.343365229376174,2.9367627053101812,51.39453386243912,12.343365229376174,0.0,0.0,0.0
0.1,True,True,9,202,54,54,0.2585169417496813,0.0,74.51034213271762,18.627585533179406,8,0,0.7743395978297919,9.313792766589703,1.514298452000118,38.33832588498142,9.313792766589703,0.0,0.0,0.0
