governance.transaction_tax_rate,governance.circuit_breaker_enabled,run_index,seed,total_interactions,accepted_interactions,toxicity_rate,quality_gap,welfare,welfare_per_epoch,n_agents,n_frozen,avg_reputation,avg_payoff,min_payoff,max_payoff,honest_payoff,opportunistic_payoff,deceptive_payoff,adversarial_payoff
0.0,False,0,201,54,53,0.3052547804665515,-0.0007960956917167028,57.5733645921378,5.75733645921378,5,0,2.071557639475853,11.51467291842756,1.7687078385710613,18.0255678901532,12.593029621137847,18.0255678901532,1.7687078385710613,0.0
0.0,False,1,202,58,58,0.3047930860749272,0.0,62.51053933729265,6.251053933729265,5,0,2.2340359558195098,12.502107867458529,0.33428389477317055,18.745386140166676,15.631353687814588,15.282194379075701,0.33428389477317055,0.0
0.0,False,2,203,57,53,0.3192420862559885,-0.006392170006047082,56.74474614871845,5.674474614871845,5,0,2.0163164099145634,11.348949229743692,2.047530777468227,24.416455732946055,15.925238297648951,6.921500478303376,2.047530777468227,0.0
0.0,False,3,204,51,51,0.3127242641117026,0.0,53.2380505250447,5.32380505250447,5,0,1.8492033683363132,10.64761010500894,1.7512910184867478,18.596656601884288,14.157787644096336,9.013396574268942,1.7512910184867478,0.0
0.0,False,4,205,68,67,0.31078133959875964,0.016214786440312656,71.10647704804435,7.110647704804435,5,0,2.5070984698696237,14.22129540960887,2.81620718749067,27.780069133018646,18.761469283480487,12.005862010112226,2.81620718749067,0.0
0.0,False,5,206,57,54,0.2902490938708063,0.0022267308667623274,61.08344106311817,6.108344106311817,5,0,2.272229404207878,12.216688212623634,2.7222283898131905,19.552231656593793,15.004377026468285,13.34808159390013,2.7222283898131905,0.0
0.0,False,6,207,59,58,0.3163637491169163,-0.009716770422099286,61.39635600071518,6.139635600071518,5,0,2.159757066714345,12.279271200143034,2.4944264157968936,17.90278301382928,14.065632410775228,16.705032352592603,2.4944264157968936,0.0
0.0,False,7,208,59,57,0.3156422694952384,0.007868261778186636,60.7266984419973,6.07266984419973,5,0,2.14844656279982,12.145339688399456,2.652417376246686,22.298076252504547,15.775884537221495,10.746627454086113,2.652417376246686,0.0
0.0,False,8,209,65,65,0.3115048923083137,0.0,69.8947182524263,6.98947182524263,5,0,2.49298121682842,13.97894365048526,2.9030233209302625,26.003006478137795,18.0150735435251,12.946474300920732,2.9030233209302625,0.0
0.0,False,9,210,49,49,0.3102958445536744,0.0,52.8462066030589,5.28462066030589,5,0,1.8897471068705936,10.569241320611782,2.7148939047208827,20.045230059509553,13.944253436847113,8.29855238779669,2.7148939047208827,0.0
0.0,True,0,211,65,62,0.2813545324023406,0.040645863008484384,70.53220728147538,7.053220728147538,5,0,2.6354804854316924,14.106441456295077,3.540400519199379,28.482227847911478,20.406849350662444,5.771258710288667,3.540400519199379,0.0
0.0,True,1,212,56,48,0.28129792982354673,0.04573275419863341,55.794665248498816,5.579466524849882,5,0,2.1196443498999207,11.158933049699762,1.4047716852767036,24.871814557771085,16.58492704332051,4.635112433260589,1.4047716852767036,0.0
0.0,True,2,213,61,61,0.29489360616546906,0.0,67.21321707557192,6.721321707557192,5,0,2.447547805038128,13.44264341511438,1.5570785815093424,20.560957938930503,16.29022433752023,16.785465481501877,1.5570785815093424,0.0
0.0,True,3,214,48,48,0.29093845862364887,0.0,53.42082017076039,5.34208201707604,5,0,1.961388011384026,10.68416403415208,2.214852752547121,18.106066542713513,11.033300291833251,18.106066542713513,2.214852752547121,0.0
0.0,True,4,215,61,57,0.30233057928443186,0.05833242230384753,62.7428623354739,6.27428623354739,5,0,2.282857489031593,12.548572467094777,2.314129662809827,27.60552923877795,18.12805061044557,6.0445808413273525,2.314129662809827,0.0
0.0,True,5,216,59,56,0.28315917671236324,0.019190029632171247,64.79782645288977,6.479782645288976,5,0,2.453188430192651,12.95956529057795,3.678233122989334,22.431877627985127,16.979382015545372,10.181447283264296,3.678233122989334,0.0
0.0,True,6,217,61,58,0.30458788650332264,0.014170548593166942,63.400912350150534,6.340091235015054,5,0,2.2933941566767024,12.680182470030108,1.7400856522143506,18.244189610307977,14.472212362542736,18.244189610307977,1.7400856522143506,0.0
0.0,True,7,218,59,59,0.32131284748100497,0.0,62.03449393397213,6.203449393397213,5,0,2.1689662622648087,12.406898786794425,1.2937169370503274,22.77830410617809,16.810892325353844,10.308100020860262,1.2937169370503274,0.0
0.0,True,8,219,56,55,0.2838328937319311,0.0006401633206353452,62.78614716919416,6.2786147169194155,5,0,2.3524098112796112,12.557229433838833,1.412181392433743,25.38436803357248,17.40922576930979,9.14628846883105,1.412181392433743,0.0
0.0,True,9,220,73,73,0.2949948881362804,0.0,80.8881455005286,8.08881455005286,5,0,2.959209700035239,16.17762910010572,2.1118527624577617,25.918747945172683,20.77911560449683,16.438945924580345,2.1118527624577617,0.0
0.05,False,0,221,59,56,0.3072419902004256,0.0018097686903791655,57.70510368947478,5.770510368947479,5,0,1.8791032219483632,11.541020737894957,1.6759418852234156,18.326320942102654,13.67886050357413,14.99258029352897,1.6759418852234156,0.0
0.05,False,1,222,60,60,0.27076025638337625,0.0,62.404966529057276,6.240496652905728,5,0,2.050848704517753,12.480993305811456,1.4928746772090005,22.122537118704763,17.067448132939777,9.709747453028939,1.4928746772090005,0.0
0.05,False,2,223,53,47,0.2791161817647211,0.041400150060242794,51.495185863626816,5.149518586362682,5,0,1.7760032929020917,10.299037172725363,2.18574199343437,14.539021232198678,11.590140879331257,14.539021232198678,2.18574199343437,0.0
0.05,False,3,224,59,59,0.3199339760097367,0.0,57.93488392778966,5.793488392778967,5,0,1.7940187812775747,11.586976785557933,2.7067280606747794,28.551833125086603,8.892107580676097,28.551833125086603,2.7067280606747794,0.0
0.05,False,4,225,72,71,0.2951659130714611,-0.00027182231425005866,74.85049663041426,7.485049663041425,5,0,2.4920497812725038,14.97009932608285,2.9385852105693324,29.263317739057054,20.151855915360553,11.456343673763266,2.9385852105693324,0.0
0.05,False,5,226,69,67,0.28990473383031545,0.014556991190028012,71.21682634481677,7.121682634481677,5,0,2.389513289049509,14.243365268963354,3.8021925213821293,24.205343474954432,14.403096782826735,24.205343474954432,3.8021925213821293,0.0
0.05,False,6,227,65,63,0.29812119321856967,0.0226424297392669,66.26574754499497,6.626574754499496,5,0,2.201460805552305,13.253149508998993,3.0450089330594916,26.814063894838085,18.356140790217438,8.152316241283163,3.0450089330594916,0.0
0.05,False,7,228,64,64,0.3238563802328557,0.0,61.31781744984414,6.131781744984414,5,0,1.8469460449898834,12.26356348996883,2.67541560516944,20.68723215758018,15.77036876851102,11.331295539141651,2.67541560516944,0.0
0.05,False,8,229,71,56,0.30413601866455237,0.049456594278294644,57.99970866254078,5.799970866254078,5,0,1.8982267026561561,11.599941732508157,2.8057743003166733,22.96299851276563,15.324601832768328,9.220128863919125,2.8057743003166733,0.0
0.05,False,9,230,58,57,0.3131026160410272,0.02216962035517861,57.07724612853092,5.7077246128530925,5,0,1.8050142223783232,11.415449225706185,2.4667334761717115,18.5395229164836,13.658842050398581,13.63398650116347,2.4667334761717115,0.0
0.05,True,0,231,57,55,0.314490701787696,-0.00020799018267517733,56.02950855839404,5.6029508558394046,5,0,1.8036698537904907,11.205901711678809,1.0845343740690216,15.830378807133318,13.656785043135054,13.974619054919863,1.0845343740690216,0.0
0.05,True,1,232,53,50,0.29876230104316875,0.016102291065322172,52.31723968139568,5.231723968139567,5,0,1.7293646810730525,10.463447936279135,2.6772661543115444,20.815171823645493,14.234387031953888,6.9368124312224655,2.6772661543115444,0.0
0.05,True,2,233,58,49,0.31095645452587967,0.06736056364930774,49.44633869273038,4.944633869273038,5,0,1.5763412835632,9.889267738546076,4.36358749927085,18.062160221264747,12.288677539808345,8.216718574034497,4.36358749927085,0.0
0.05,True,3,234,68,68,0.3299308652202029,0.0,67.88328564382242,6.788328564382242,5,0,2.1397922260025077,13.576657128764484,1.3200684445511643,26.954629495908993,18.405269775946348,11.347407871432212,1.3200684445511643,0.0
0.05,True,4,235,54,54,0.3024128816615935,0.0,57.1624609443544,5.71624609443544,5,0,1.9105457104230044,11.432492188870881,2.8358477437742824,21.463582675425837,14.915105028669684,9.581298114571076,2.8358477437742824,0.0
0.05,True,5,236,59,58,0.29360890731256556,0.016818696103172527,61.688914244680085,6.168891424468009,5,0,2.0710347843037953,12.337782848936019,1.403251514227537,26.01201713013271,18.158845192601238,5.809127152648836,1.403251514227537,0.0
0.05,True,6,237,68,65,0.3078055369919507,-0.011402014963454587,66.80188640748011,6.680188640748011,5,0,2.169596135222393,13.360377281496023,2.860823665002214,19.877341033633392,16.064343212218315,15.748033105822953,2.860823665002214,0.0
0.05,True,7,238,60,52,0.30984184879299315,0.05227060919549453,51.86841943607955,5.186841943607955,5,0,1.6335640686577952,10.37368388721591,3.233020994660733,15.119241194029653,12.024443499497336,12.562067942926804,3.233020994660733,0.0
0.05,True,8,239,71,71,0.3108656123143932,0.0,72.11629221268112,7.211629221268112,5,0,2.314566336612633,14.423258442536223,3.19758676766945,26.925930922996475,19.116223386798733,11.570035284615468,3.19758676766945,0.0
0.05,True,9,240,61,61,0.30998444427573746,0.0,62.36006104119687,6.236006104119687,5,0,2.014600453551376,12.472012208239374,3.0816765787961025,23.76834943435215,16.197262146970655,10.686598021488813,3.0816765787961025,0.0
0.1,False,0,241,60,59,0.3164331770837774,-0.002394528434276233,55.97195250856464,5.597195250856464,5,0,1.5574933060948104,11.194390501712927,1.8879059496656754,19.18574428658616,11.632767424104268,19.18574428658616,1.8879059496656754,0.0
0.1,False,1,242,61,55,0.3219861191148101,0.03652984942923243,51.43044850866886,5.143044850866886,5,0,1.404880091286558,10.286089701733772,2.5197359508710164,15.310127318308329,11.485743429231258,14.453482270104068,2.5197359508710164,0.0
0.1,False,2,243,56,54,0.30869578116732443,0.00529662991498685,52.06934444534287,5.206934444534287,5,0,1.4784402058178843,10.413868889068572,1.1061590846793874,15.310614578783206,12.71617213142467,12.814668966389462,1.1061590846793874,0.0
0.1,False,3,244,58,50,0.32385367867873127,0.026853875055689126,46.97437328846504,4.697437328846504,5,0,1.2909790589033543,9.394874657693007,1.6403694873790302,13.827820995548883,11.370025498621109,11.223927305222677,1.6403694873790302,0.0
0.1,False,4,245,57,55,0.3287438102328231,-0.008058070799502205,50.07206512005911,5.007206512005911,5,0,1.3193522483000182,10.014413024011823,1.4700773832099525,15.078224310157543,11.846030843373732,13.063895206727967,1.4700773832099525,0.0
0.1,False,5,246,55,54,0.30807186578832557,0.0004598340593675365,52.41959233650332,5.2419592336503325,5,0,1.5004928508168756,10.483918467300663,6.40534517332003,14.876511304150258,11.650033838431243,8.91497374982874,8.554517071380845,0.0
0.1,False,6,247,65,64,0.30941621503100664,0.0047529946433124805,60.8017858507376,6.08017858507376,5,0,1.6949272572686638,12.160357170147519,1.958880849823557,24.141179239331674,16.247201386709207,10.101300840786418,1.958880849823557,0.0
0.1,False,7,248,54,46,0.2980277368994658,0.06994906202819504,45.61890923681919,4.561890923681919,5,0,1.3389683593552826,9.123781847363839,2.599521186966209,17.69068180274399,12.564831535973285,5.324893441933132,2.599521186966209,0.0
0.1,False,8,249,54,54,0.3155286175878211,0.0,52.666034810943415,5.266603481094341,5,0,1.5160095992075484,10.533206962188686,1.2121264498560778,16.083950989950434,12.680144779987705,13.413474021124236,1.2121264498560778,0.0
0.1,False,9,250,44,44,0.2766390861953987,0.0,42.49841391328831,4.249841391328831,5,0,1.2091593945403754,8.499682782657661,3.1045515992813857,13.10040042214863,9.843047887247634,9.864718652264022,3.1045515992813857,0.0
0.1,True,0,251,63,61,0.3261286652602473,0.011198061079868694,56.17505312700677,5.617505312700677,5,0,1.5036144561448705,11.235010625401355,1.4767061134778505,18.762593884227684,13.861062764064224,13.115158721336245,1.4767061134778505,0.0
0.1,True,1,252,49,49,0.28886152765355677,0.0,49.38466970563023,4.938466970563023,5,0,1.4760717962804222,9.876933941126046,0.7874311519755322,20.87160222782806,14.5709069740979,4.884517631361,0.7874311519755322,0.0
0.1,True,2,253,61,60,0.3022189396641067,0.0063810245281221475,59.95996878617406,5.995996878617406,5,0,1.7752572939442932,11.991993757234813,1.6024926761925937,23.080914194837643,16.74792763522555,8.113693204304818,1.6024926761925937,0.0
0.1,True,3,254,72,72,0.29568161085691924,0.0,73.27256850219939,7.327256850219939,5,0,2.2134580168051463,14.654513700439875,0.6064935977873556,21.69617590122922,18.106380093133,18.346934625013017,0.6064935977873556,0.0
0.1,True,4,255,56,54,0.3083405806174986,0.010048568154909777,52.17656857446926,5.217656857446926,5,0,1.4851913546888054,10.43531371489385,3.290842832979541,14.516894010875998,11.671132508216937,13.872328216838895,3.290842832979541,0.0
0.1,True,5,256,49,39,0.3173911984839263,0.04753454131920071,37.44092369206703,3.744092369206703,5,0,1.0573914917227392,7.488184738413407,0.869146319864123,13.67132103892468,10.435574566719083,5.2650536720456635,0.869146319864123,0.0
0.1,True,6,257,45,43,0.31811487053864534,-0.008833547365326988,39.55259363911214,3.955259363911214,5,0,1.057015155055209,7.910518727822428,0.8925110076512359,11.968692036968598,9.37997971483977,10.520143486941596,0.8925110076512359,0.0
0.1,True,7,258,59,59,0.27316986398662124,0.0,63.06488741459276,6.306488741459276,5,0,2.0040855038817664,12.61297748291855,2.3401089577784764,25.74025385495875,17.4545538573779,8.36111688468059,2.3401089577784764,0.0
0.1,True,8,259,59,59,0.3127141078491936,0.0,56.405881321385294,5.64058813213853,5,0,1.584814749865,11.281176264277057,2.2065850674050096,15.805400400008798,13.323588296173787,14.22853136545892,2.2065850674050096,0.0
0.1,True,9,260,54,51,0.31823444808732515,0.0014860603274075678,48.51810201518631,4.851810201518631,5,0,1.3548434602154344,9.703620403037263,1.5217987352995601,14.026581812752632,11.25620073743295,13.2277010675879,1.5217987352995601,0.0
0.15,False,0,261,53,52,0.28994043931418606,0.02444798802285847,48.66075650958812,4.866075650958812,5,0,1.22447735646516,9.732151301917622,1.9906905432138289,13.912171072894093,11.831699096557022,11.174968676703218,1.9906905432138289,0.0
0.15,False,1,262,55,55,0.32019235493874304,0.0,50.102643057929534,5.010264305792953,5,0,1.2121214407761092,10.02052861158591,1.4793101196076672,19.30509045849016,13.582184145895518,7.876780500635323,1.4793101196076672,0.0
0.15,False,2,263,62,60,0.30684217788589535,0.03344887103189118,55.28380240885562,5.5283802408855625,5,0,1.3603879895578908,11.056760481771125,1.2052250448211612,21.940247211113434,15.567868847556099,7.374970821366159,1.2052250448211612,0.0
0.15,False,3,264,59,56,0.3038128500043559,0.011324024058319814,51.56907144182277,5.156907144182277,5,0,1.267923950385306,10.313814288364554,2.8876778755334027,15.174855038980617,12.08726361069921,12.419602734191733,2.8876778755334027,0.0
0.15,False,4,265,66,66,0.29582521734805356,0.0,62.446817955969024,6.244681795596902,5,0,1.5957869737941954,12.489363591193802,1.2670568746264368,20.01541987966343,16.160615085195037,12.697915825757459,1.2670568746264368,0.0
0.15,False,5,266,65,58,0.2961756507651928,0.060621657165179574,55.38105483264744,5.5381054832647445,5,0,1.4329660780628841,11.076210966529489,3.5421824118270675,22.605665202948806,15.519380972315316,5.280729503874426,3.5421824118270675,0.0
0.15,False,6,267,69,59,0.28806129413917725,0.03484413189189074,56.07554935810243,5.607554935810243,5,0,1.4418471178454422,11.215109871620488,3.711308526751593,23.27632385057216,14.82292095726264,7.895477959562917,3.711308526751593,0.0
0.15,False,7,268,51,50,0.3087196979397221,0.010794039360398789,44.63564510577803,4.463564510577803,5,0,1.046480388782586,8.927129021155604,1.095122707483104,17.164211862454973,12.371489359332864,6.42605432029633,1.095122707483104,0.0
0.15,False,8,269,57,54,0.33034716037813416,0.007479666745591307,46.01024576251545,4.601024576251545,5,0,0.9967012130156455,9.20204915250309,1.5460487483508787,14.281547380754144,10.572409397114006,12.746968822822557,1.5460487483508787,0.0
0.15,False,9,270,73,71,0.2973142539497025,0.02034018640540769,65.47403839674408,6.547403839674407,5,0,1.6131278241158165,13.094807679348813,2.06360416773952,26.346083266710707,17.960644890957564,9.528499556131855,2.06360416773952,0.0
0.15,True,0,271,60,60,0.3137293141081471,0.0,54.13681840962036,5.413681840962036,5,0,1.290669354310257,10.827363681924071,1.4309406447952489,17.273196521565932,13.043914872212182,13.57413314818856,1.4309406447952489,0.0
0.15,True,1,272,64,63,0.31538383389953806,-0.008931963219408867,56.07996334812169,5.607996334812169,5,0,1.3087820858662202,11.215992669624338,7.963335757204191,15.462086600831931,13.131829301999927,8.721139684917723,7.963335757204191,0.0
0.15,True,2,273,64,64,0.3274230802916567,0.0,55.164487511567195,5.5164487511567195,5,0,1.219802182075653,11.03289750231344,1.7958222756953566,19.729682383750447,14.308709561569911,10.442536551162114,1.7958222756953566,0.0
0.15,True,3,274,54,54,0.2866850298574014,0.0,52.274275090639435,5.2274275090639435,5,0,1.3774559368820054,10.454855018127887,1.1000716128169228,23.116584875997784,14.846751380592458,6.633949336045135,1.1000716128169228,0.0
0.15,True,4,275,63,63,0.2817619839819086,0.0,60.110991968756274,6.0110991968756275,5,0,1.553805394179303,12.022198393751257,1.4570752348445706,16.73448621577106,14.765667560650511,14.356914051960178,1.4570752348445706,0.0
0.15,True,5,276,56,45,0.2959582576669465,0.03791548712984198,43.36190546254158,4.336190546254158,5,0,1.1357236653701746,8.672381092508317,2.021904147314733,10.99169575557929,10.15354678167955,10.879360970188202,2.021904147314733,0.0
0.15,True,6,277,55,54,0.31126310000189406,-0.007894204874852795,47.461153998759194,4.74611539987592,5,0,1.0848936744343824,9.492230799751841,2.1412384523318932,17.258445084463187,12.04365506576707,9.1889503491261,2.1412384523318932,0.0
0.15,True,7,278,67,66,0.32317678220219237,0.006453128733020086,58.25112761876173,5.825112761876173,5,0,1.3407548160423797,11.650225523752345,1.3634160071707733,22.472450346347554,15.195447468366849,11.30136920649041,1.3634160071707733,0.0
0.15,True,8,279,67,66,0.32935796150251156,0.01881468745207694,57.33544323587399,5.733544323587399,5,0,1.2850955692393993,11.467088647174796,2.614961703227243,21.415439527510006,15.049249099724511,9.572734233473208,2.614961703227243,0.0
0.15,True,9,280,53,49,0.30923332347112636,0.01552555442184358,43.80449768944468,4.380449768944468,5,0,1.0292929968093827,8.760899537888935,1.19359755863519,14.442081788409602,11.03848552697614,9.495443549881067,1.19359755863519,0.0
