governance.moltbook_challenge_difficulty,governance.collusion_penalty_multiplier,run_index,seed,total_interactions,accepted_interactions,toxicity_rate,quality_gap,welfare,welfare_per_epoch,n_agents,n_frozen,avg_reputation,avg_payoff,min_payoff,max_payoff,honest_payoff,opportunistic_payoff,deceptive_payoff,adversarial_payoff
0.0,0.0,0,101,883,651,0.25755206530171193,0.16612476098514592,798.9627236178238,53.26418157452159,10,0,15.782090787260795,48.054063976147496,18.925256023308926,98.12823660262488,46.43796905095992,20.45441669489995,89.59375727759412,37.34620780632356
0.0,0.0,1,102,919,772,0.2667318318107517,0.1898076505247532,926.2759215667621,61.751728104450805,10,0,18.009197385558746,62.52565166885087,16.44820952610881,162.7738917699629,47.05538036432179,19.607079703523574,162.7647923543646,36.14562555772257
0.0,0.0,2,103,916,762,0.2671608417069325,0.1994270550409326,913.2089191216994,60.88059460811329,10,0,17.740297304056657,61.872301546597726,17.190563390191667,162.799895122158,46.164169819441184,18.40405883620145,162.78058316413814,35.84852609376668
0.0,0.0,3,104,917,780,0.267089403318694,0.19592221057244838,934.9944074474397,62.33296049649598,10,0,18.166480248247996,62.96157596288475,20.950475400726926,162.7877214209857,47.09661919368854,21.88120367955598,162.77196506974167,35.961472677749015
0.0,0.0,4,105,918,775,0.2671161357294769,0.19276704995279978,928.9491519969769,61.929943466465126,10,0,18.048305066565902,62.6593131903616,18.90730035499824,162.78293195188724,46.34917052729817,21.671491418728472,162.76598900866398,36.16074446981921
0.0,0.0,5,106,889,645,0.25667537266691653,0.16477444480835426,793.2775092446743,52.88516728297829,10,0,15.69258364148915,47.769803257490025,18.332584940527365,100.18569763627373,46.909080568059125,18.409478434927205,90.62248779441855,35.99888892198611
0.0,0.0,6,107,883,646,0.2577908189625552,0.16847939466594297,792.3952923919084,52.82635282612723,10,0,15.64650974639695,47.72569241485173,17.734797916264117,98.15744913658483,46.083360442274696,19.53437128951807,89.6083635445741,37.31900635561706
0.0,0.0,7,108,919,780,0.2665142178285338,0.18858201298785068,936.3530873488841,62.42353915659227,10,0,18.211769578296142,63.02950995795696,20.776816403651793,162.7923716054571,47.08082051042929,22.338493224884793,162.78981334912208,35.85760219491934
0.0,0.0,8,109,886,644,0.2576866355934772,0.1657171113878185,790.1330062703742,52.67553375135828,10,0,15.604433542345808,47.61257810877502,14.693530764317252,98.07025769476353,47.0219713715511,17.733999749194428,89.56476782366344,36.720180227915
0.0,0.0,9,110,909,770,0.2671881221494069,0.2071620971183235,922.7747462727378,61.51831641818252,10,0,17.925824875757936,62.35059290414965,17.792734825448168,162.79112533423216,46.378095577316145,18.428781675749036,162.7745836546407,37.79340803572623
0.0,0.5,0,111,917,764,0.26737349789907316,0.19492031662749995,915.2325557484612,61.01550371656408,10,0,17.774418524948718,61.973483377935814,14.038764489274627,162.76498275965062,46.16933063646607,18.025990755145926,162.75680307696885,36.74596178463217
0.0,0.5,1,112,889,646,0.2582678064842793,0.16189670680185164,791.5459162781726,52.76972775187817,10,0,15.618197209272424,47.68322360916493,20.908034817304486,96.18853972495923,45.70978982121096,22.035301858714654,88.6239088387613,36.33732770592681
0.0,0.5,2,113,914,770,0.266998116053496,0.19925922391549503,923.2277722323291,61.54851814882194,10,0,17.940925741077642,62.373244202129214,21.392311309343956,162.79228291441976,45.405480314442194,21.658320214113765,162.77555462742424,36.6213855402237
0.0,0.5,3,114,884,640,0.25791370773538763,0.16726092510615503,784.8810223724464,52.32540149149643,10,0,15.49603407908155,47.34997891387863,17.696078537788242,98.14204213467072,46.17995701964538,18.628282130251073,89.60066004361704,36.16103835623427
0.0,0.5,4,115,914,764,0.26733713872064585,0.20345911410091588,915.3601630534585,61.02401087023056,10,0,17.778672101781957,61.97986374318568,17.156828217070554,162.79672953754533,46.044131440991144,18.675874521062504,162.77594098432948,36.35924032855412
0.0,0.5,5,116,920,761,0.265841032325395,0.19369298134073604,915.0288858948132,61.001925726320884,10,0,17.817629529827112,61.96329988525342,15.269648602095632,162.78512218246945,47.775717847442834,17.17749047329582,162.77278735321178,34.314785904873844
0.0,0.5,6,117,913,765,0.26752515552000816,0.2026496314728479,915.997183491262,61.06647889941747,10,0,17.78323944970874,62.011714765075865,15.938648413260012,162.76108205337718,45.5251726954959,18.708655750873113,162.75580349249907,37.54376919101536
0.0,0.5,7,118,886,645,0.2571074864272586,0.16682402287817222,792.4757472435994,52.83171648290662,10,0,15.665858241453316,47.729715157436274,15.86104046478653,98.24113401111657,47.89637363723021,16.481036954635712,89.65020598183997,36.724585576245275
0.0,0.5,8,119,917,760,0.26703771666715675,0.19782331248746202,911.1793704497776,60.74529136331851,10,0,17.705979014992597,61.77082411300164,15.389443743217047,162.79937880036186,46.68880472935257,16.93746640915942,162.7826541369904,35.75639056015322
0.0,0.5,9,120,890,645,0.2579339510751483,0.16106562824423648,790.9898498291765,52.73265665527843,10,0,15.616328327639218,47.655420286715135,20.297661257857964,96.74041258306485,46.16126546022071,21.44987825998497,88.8998452678141,35.60484698533516
0.0,1.0,0,121,891,639,0.25817182991930704,0.1627153262920609,783.1797714266972,52.21198476177982,10,0,15.45599238088991,47.26491636659117,17.220673321868645,97.91530774276308,46.140501030215994,18.68840201876433,89.48729284766321,35.86788490609631
0.0,1.0,1,122,882,644,0.25736019325502085,0.16910395054931998,790.7474238425791,52.716494922838606,10,0,15.624914128085976,47.643298987385265,15.934003156114459,98.80071896519884,46.056789303541755,19.332369129551722,89.9299984588811,36.84054874140999
0.0,1.0,2,123,912,759,0.26726424167253904,0.2028001996337823,909.3931662768395,60.62621108512263,10,0,17.663105542561322,61.68151390435473,15.926908790052657,162.7893646466337,45.91666679464576,16.481573918836396,162.78058715667123,37.312074856974505
0.0,1.0,3,124,914,775,0.2666828961477076,0.1982296276606273,929.9050767853855,61.99367178569237,10,0,18.080169226179525,62.707109429782044,15.926661653193744,162.78617091033675,47.73281495011937,18.95713481248147,162.76857074927113,36.34421168691888
0.0,1.0,4,125,921,765,0.26682718908453235,0.19053410588783096,917.6329938828216,61.17553292552144,10,0,17.837766462760726,62.09350528465384,17.181380145310772,162.79465110731434,46.67568215435445,18.97797202249661,162.77776609116296,35.36042400090072
0.0,1.0,5,126,885,654,0.2576852719293437,0.1640202701321419,802.3597531526779,53.49065021017852,10,0,15.845325105089268,48.2239154528902,19.663430497089365,97.49513501064499,46.94167049376313,20.837012929844846,89.27720648160417,37.12201686547574
0.0,1.0,6,127,917,755,0.2665551800006352,0.200092075007222,906.2272768495056,60.41515178996704,10,0,17.6242425616502,61.52321943298805,16.509207078514176,162.79018696707976,46.91026644793702,16.85177702318114,162.77514587460604,34.16864137127898
0.0,1.0,7,128,918,769,0.26681551190996344,0.19349383177781906,922.4672995042484,61.4978199669499,10,0,17.932243316808286,62.33522056572518,21.453147028816833,162.7932605580027,45.8501277795869,22.009468177034066,162.77133772404676,35.19504136837128
0.0,1.0,8,129,889,635,0.25725183111073735,0.16696847599484035,779.9517777644461,51.99678518429641,10,0,15.415059258814873,47.10351668347861,15.255486123153911,98.24451302205179,46.07681965169257,17.483153680257118,89.65189548730757,36.22889494644322
0.0,1.0,9,130,915,793,0.2662601630816554,0.19192617810079812,952.5535334163894,63.50356889442596,10,0,18.535117780546322,63.839532261332224,23.99035405475314,162.7793283909781,46.54751606073828,26.67597583590426,162.77121987539192,36.65543347388839
0.0,2.0,0,131,915,778,0.2666843881321467,0.19723870268692714,933.5897259016255,62.23931506010836,10,0,18.152990863387522,62.89134188559403,19.627696243980477,162.77397482178858,47.26258789677043,19.861236456102574,162.76373762259104,37.30655955573571
0.0,2.0,1,132,923,772,0.2664260353381923,0.1824876034590175,926.9542780059835,61.796951867065566,10,0,18.031809266866123,62.55956949081193,20.864945215249755,162.76120697345488,47.01000132303427,22.09828263501111,162.75939194764095,33.92017022533902
0.0,2.0,2,133,886,651,0.25704773124347874,0.16407744532353238,799.8914762937152,53.326098419581015,10,0,15.813049209790512,48.10050160994207,15.905089193088548,97.59521784196497,48.15267518641639,18.349637627768242,89.32724789726416,36.520272151845184
0.0,2.0,3,134,915,776,0.2667671109960442,0.19489879750180322,931.0130811841958,62.06753874561306,10,0,18.100436039473202,62.76250964972255,19.58075312012941,162.78099768290912,47.01876234240957,20.519986700999006,162.7683420010141,36.486694861780514
0.0,2.0,4,135,888,638,0.2576474173519921,0.16653880550575267,782.857608437178,52.1905072291452,10,0,15.46192028123927,47.248808217115204,17.057630282504853,99.3903155697096,46.46663120738527,17.101584528170196,90.22479676113647,35.98439738149879
0.0,2.0,5,136,884,647,0.25751929693373665,0.16597021661481992,794.0732488617341,52.938216590782275,10,0,15.68577496205781,47.80959023834302,19.655310499175553,97.6099723789488,46.946453667636895,20.237888670490328,89.33462516575608,35.582530020194895
0.0,2.0,6,137,918,767,0.2661951554740578,0.1936955886856482,921.4813610192926,61.43209073461951,10,0,17.93271203397643,62.285923641477396,18.952715664182783,162.7811608434949,47.41722806410299,19.57013735709345,162.7659934952223,34.25903122686523
0.0,2.0,7,138,915,764,0.267709602824275,0.19533391565608765,914.4155258390429,60.96103505593619,10,0,17.747184194634766,61.9326318824649,19.020371157223515,162.77499596280097,46.23408873397389,19.550369531486954,162.7670590324194,34.87755338047035
0.0,2.0,8,139,888,635,0.2578563350802527,0.16654601944523234,778.7841514429206,51.918943429528035,10,0,15.376138381430689,47.04513536740234,18.36427870220091,98.82689599669112,45.50869776021489,18.383295908527188,89.94308697462725,35.88189843342748
0.0,2.0,9,140,920,776,0.2661160386702053,0.1946679800947816,932.4545036062742,62.16363357375162,10,0,18.148483453542482,62.83458077082646,21.500823535852135,162.78660866821266,47.03217884639109,21.820303052114188,162.76881129433104,35.519431814904905
0.25,0.0,0,141,916,769,0.2669860573024199,0.1991048075380214,922.0616762470981,61.47077841647321,10,0,17.918722541569945,62.31493940286767,15.344709233865002,162.76136726513852,46.66672263542317,18.35518673908513,162.75553898850413,37.13052601590275
0.25,0.0,1,142,914,756,0.26704345443236144,0.20205589999648982,906.3240471771863,60.42160314514576,10,0,17.610801572572885,61.52805794937208,13.51094877762949,162.7847494019448,46.872291672742996,14.72566759112191,162.7674406224707,36.40259818778178
0.25,0.0,2,143,916,775,0.2668482313721307,0.1954563078389945,929.5965889471069,61.973105929807126,10,0,18.069886298236902,62.691685037868105,18.31559726639762,162.77859472205228,47.19139374242773,19.260358218640487,162.76494599776248,37.0503334880821
0.25,0.0,3,144,913,781,0.26602586846757853,0.19902712715123386,938.6798106658766,62.578654044391776,10,0,18.27266035552923,63.145846123806585,20.374576742857144,162.801538461888,47.26794621061584,22.077691064075474,162.79911258718107,36.3165345465447
0.25,0.0,4,145,886,650,0.2573258830634652,0.16359197799469147,798.2821577832843,53.218810518885626,10,0,15.77607192610948,48.02003568442053,20.28865463427457,98.13347644555229,46.506468958546094,21.49509703782052,89.59637719905783,35.9957662681321
0.25,0.0,5,146,917,768,0.26686766871257483,0.19210098162042202,921.05831836667,61.40388789111134,10,0,17.901943945555676,62.264771508846266,19.4650161531968,162.77740089627162,46.6979553783579,20.374582377458413,162.77464526703938,34.77871914301774
0.25,0.0,6,147,920,770,0.2659198059692441,0.19312197701167833,925.7077074283184,61.71384716188789,10,0,18.02359024761062,62.497240961928675,17.822224492334392,162.76471371943356,47.40746495121837,19.359405059824013,162.76000674487304,35.551863102509586
0.25,0.0,7,148,915,776,0.2667894785226966,0.1979923011412998,930.9249445773835,62.06166297182556,10,0,18.097498152579455,62.75810281938193,20.301029801249967,162.77018607965496,47.027047467585916,20.891461249312798,162.7605852117622,36.084372700662854
0.25,0.0,8,149,915,787,0.26616897737847045,0.19339082403418412,945.5305730842842,63.03537153895228,10,0,18.40101910280948,63.488384244726966,22.787137176147564,162.78945733255836,47.27849682681454,24.267684085960767,162.78778043285905,35.829463051185954
0.25,0.0,9,150,919,772,0.2674044110505814,0.19338905244288662,924.7024234015981,61.64682822677321,10,0,17.956747446719945,62.44697676059267,20.173618389137612,162.7884381736056,45.36124984747201,22.29091534481956,162.77909516457348,36.44237359862629
0.25,0.5,0,151,914,782,0.26665895319265936,0.19787958092497587,938.3333527888703,62.55555685259136,10,0,18.244445092962355,63.128523229956286,16.535947339769848,162.7853207407398,47.82502093541499,19.908607604557304,162.77400816476376,37.309958509630356
0.25,0.5,1,152,911,780,0.26663070386308163,0.202852583494157,936.1303858118956,62.40869238745971,10,0,18.20434619372986,63.01837488110755,16.60177433740393,162.7790267169503,46.40891196057822,21.789411684088492,162.77300896039034,37.71162983990245
0.25,0.5,2,153,890,648,0.25694517903766173,0.1616778469247331,796.4273193747412,53.09515462498275,10,0,15.747577312491373,47.92729376399337,18.308279927198235,98.10879261857323,47.06262678551833,20.792407827160062,89.58403528556829,35.13477213620182
0.25,0.5,3,154,915,773,0.26681356884283447,0.1974206860336897,927.2846800589588,61.818978670597254,10,0,18.026156001965298,62.5760895934607,17.68074769870137,162.78768142494923,46.90509690994347,19.542532065129713,162.77116532913504,36.75655675315183
0.25,0.5,4,155,923,769,0.2664463747742584,0.18596092432834732,923.2677935094057,61.55118623396038,10,0,17.95892645031353,62.37524526598304,18.94871547906777,162.79701562892245,47.34346659398327,20.562539980722377,162.776304227672,33.8504489335543
0.25,0.5,5,156,915,771,0.2676341653746619,0.19411023811338712,923.0014538120616,61.53343025413744,10,0,17.91671512706873,62.361928281115844,18.240146908476017,162.7876671996901,46.768520579798654,20.125791241860135,162.77136570416843,35.37544329995336
0.25,0.5,6,157,881,652,0.2576862545734133,0.16601700091880647,800.0130035555749,53.334200237038324,10,0,15.800433451852495,48.10657797303505,18.407717981977097,98.15374744138177,46.8562060497198,19.00720799022227,89.60651269697257,38.20675707854082
0.25,0.5,7,158,916,764,0.2670853480151257,0.19730921125436432,915.8061026691437,61.05374017794291,10,0,17.793536755638133,62.00216072396995,15.332674259685174,162.79832868360367,47.10648400128406,17.128248846744505,162.790219000248,35.879367770289115
0.25,0.5,8,159,895,648,0.2572496569588964,0.15775107697140597,795.8614635465148,53.057430903100986,10,0,15.728715451550496,47.899000972582044,19.50189525308044,98.7665255642421,46.78403726722306,22.255182505100386,89.91290175840274,33.75884606496097
0.25,0.5,9,160,889,644,0.25767188518565215,0.16150072882246114,790.0808619893947,52.67205746595965,10,0,15.602695399646496,47.60997089472605,18.36765397193797,96.76922564000733,46.44201659716087,19.91767138558004,88.91425179628536,36.33389809744311
0.25,1.0,0,161,887,642,0.25747471399094674,0.16516690831114555,788.1479091937405,52.54319394624937,10,0,15.571596973124688,47.51332325494333,19.036838268442615,96.86288816951851,46.38177449380706,20.289437003783732,88.96108306104094,35.552547222277894
0.25,1.0,1,162,915,776,0.26740330044598065,0.19649307297426555,929.5500872648918,61.97000581765945,10,0,18.051669575496398,62.68935995375735,20.17805416299227,162.78578250138267,46.27886887924926,21.68171015445533,162.77884343777885,36.428508418054065
0.25,1.0,2,163,920,764,0.26637397030467763,0.19275382572421035,917.4438322618975,61.162922150793165,10,0,17.848127742063255,62.08404720360763,14.710509055097493,162.7760617778789,47.22354559642401,18.702085609696354,162.7691727941813,34.50188642131249
0.25,1.0,3,164,881,654,0.25677127081817436,0.16684165781747687,804.2604698400834,53.617364656005556,10,0,15.90868232800278,48.318951287260475,20.83246813505358,98.83608894057171,47.06342922984312,20.863925975654386,89.94768344656754,36.65628855439418
0.25,1.0,4,165,889,642,0.25686811485583716,0.1644253579354429,789.2442174521044,52.61628116347363,10,0,15.608140581736816,47.56813866786153,16.540863856842837,98.1912330384223,47.39834294412539,18.35719793247555,89.62525549549284,35.06155402308848
0.25,1.0,5,166,891,636,0.2575967320449528,0.1644790272051287,780.4801591583841,52.03201061055894,10,0,15.416005305279473,47.12993575317551,17.803020139469496,97.30072572492745,46.69102105316978,19.001038864838385,89.1800018387454,34.086595955954195
0.25,1.0,6,167,918,771,0.26735984993662915,0.19441117029735533,923.6435581977267,61.576237213181784,10,0,17.9381186065909,62.3940335003991,19.627199480493275,162.77888223400265,46.140731877297995,20.54822112552581,162.76924162711035,36.37124099476335
0.25,1.0,7,168,920,761,0.2666317682337755,0.19077005418975954,913.2620981529174,60.884139876861155,10,0,17.758736605097255,61.874960498158636,18.485084381120295,162.79387282328577,46.70603647516067,19.333447344260982,162.79152307313404,33.83775912307679
0.25,1.0,8,169,911,788,0.2669545768548243,0.2029208890425428,944.883078778527,62.9922052519018,10,0,18.36276929261757,63.45600952943911,22.032879627266148,162.78756797729554,46.69011922702785,22.658683010916747,162.78568945047695,38.45543673174615
0.25,1.0,9,170,891,643,0.25711094243480137,0.1616642581868682,790.0723830585869,52.67149220390579,10,0,15.619079435286233,47.60954694818565,16.03806362257776,96.8331810223469,47.81007861516092,18.155686791295754,88.94622948745513,35.32566123185555
0.25,2.0,0,171,888,644,0.2569593079851843,0.1649391306683246,791.5627416333798,52.77084944222532,10,0,15.652091387779327,47.68406487692529,15.888567182940433,96.17321614835085,47.52529886107449,18.989393075937652,88.6162470504571,35.76408653608272
0.25,2.0,1,172,888,650,0.25726002467452036,0.1620518187312981,798.3364425209073,53.22242950139382,10,0,15.777881417363579,48.02274992130167,17.759306803249647,99.47778050353612,47.336469701338046,19.665182533652516,90.26852922804974,35.50709844213
0.25,2.0,2,173,918,766,0.26712889979370735,0.19601803913718524,918.116752165204,61.20778347768027,10,0,17.837225072173474,62.11769319877296,18.93553478203865,162.8000825463672,46.178592061164984,19.30449149820501,162.77632523639926,36.150465136930556
0.25,2.0,3,174,920,757,0.2665515129829891,0.19213869974830738,908.646231446838,60.5764154297892,10,0,17.671541048227944,61.64416716285466,15.92115212098879,162.79382449005837,46.75474387384585,16.870873533267975,162.7896742282931,35.050800305020545
0.25,2.0,4,175,910,770,0.2669211585804419,0.20467823299256466,923.4046483429945,61.56030988953297,10,0,17.94682161143316,62.38208800766248,17.24595746532052,162.79942677856758,47.137509991061606,18.14213167083276,162.79716638863997,36.696121996716485
0.25,2.0,5,176,917,761,0.26707357582959174,0.19777004592246256,912.2864491141944,60.81909660761296,10,0,17.72621497047316,61.82617804622248,13.438776052818913,162.79722185776737,46.84984114758131,16.83033460561075,162.78852434778713,35.812348982551924
0.25,2.0,6,177,913,765,0.2675648218107166,0.2003249606578979,915.9719710429661,61.06479806953107,10,0,17.78239903476554,62.01045414266106,18.258359976166197,162.79938749768993,45.98953129360004,18.57029293928101,162.78018157573678,36.722733611087406
0.25,2.0,7,178,887,654,0.25713960375124667,0.162532275654128,803.5291973084762,53.56861315389842,10,0,15.88430657694921,48.28238766068011,17.849383827974336,98.12493308238473,46.904245649990486,21.50039597979027,89.59210551747404,36.51094550615527
0.25,2.0,8,179,913,762,0.26659615638229417,0.20019132791804817,914.5530689292716,60.97020459528478,10,0,17.785102297642393,61.93950903697635,13.459497388750929,162.79910460377658,47.49631702875689,15.274962535751738,162.7749737398368,36.65497485177937
0.25,2.0,9,180,918,767,0.266952095315995,0.18849965340400254,919.6919738502513,61.31279825668342,10,0,17.87306579500838,62.19645428302532,15.81947361519192,162.75200769341453,47.30284939907902,18.620315542363365,162.75022229816682,35.00603477643838
0.5,0.0,0,181,891,647,0.2571032196302469,0.16213471057669918,794.9894439720274,52.99929626480183,10,0,15.716314799067584,47.85539999385768,17.763418351992918,98.75239769929884,47.34940868587071,19.271092715312736,89.9058378259311,35.40125205630312
0.5,0.0,1,182,920,770,0.2666376822796911,0.19109930000931855,924.0695909637119,61.60463939758079,10,0,17.968986365457067,62.41533513869835,18.284676661187824,162.78494901925382,47.38613133615722,18.63048558995289,162.77790977486003,35.89601765636442
0.5,0.0,2,183,914,766,0.26661954876400623,0.20017286990568445,919.2778710580701,61.28519140387134,10,0,17.87592903526901,62.17574914341627,17.25866116795178,162.7698769703872,45.63086742087927,20.60761953899597,162.76505621505086,36.24433512127597
0.5,0.0,3,184,892,649,0.25716586554616755,0.15994942981172483,797.241821756745,53.149454783783,10,0,15.758060725224837,47.968018883093556,19.5320250336065,98.73264397263576,47.479697827873224,20.229722084319373,89.89596096259956,34.755015712802404
0.5,0.0,4,185,884,646,0.2577650208134635,0.16629282697620307,792.4949310681875,52.832995404545834,10,0,15.649831035606251,47.73067434866568,15.964544309971217,99.27762922107493,46.568042892785066,18.372195080804087,90.16845358681914,36.97663729013503
0.5,0.0,5,186,918,772,0.2668563279940422,0.19309710706669506,925.9611420193279,61.73074280128853,10,0,17.998704733977604,62.50991269147916,19.606261250812715,162.7793492697077,46.19114699050371,21.433373853858434,162.76629862725582,35.96759699527412
0.5,0.0,6,187,916,760,0.26745163137360944,0.19687992711074792,910.2166813437191,60.68111208958127,10,0,17.67388937812398,61.72268965769871,18.33067894070234,162.79636271340343,45.37982791613049,18.736630578976083,162.7941158465389,36.32304603071762
0.5,0.0,7,188,883,648,0.2576683330232754,0.16739430635253522,795.1163567193161,53.00775711462107,10,0,15.703878557310537,47.861745631222114,19.482166310832184,96.14032960654313,46.84131194160288,20.20353385876177,88.59980377955324,36.82276663458978
0.5,0.0,8,189,921,774,0.2665769367988963,0.18819351151438568,929.0169409379916,61.934462729199446,10,0,18.067231364599728,62.66270263741234,19.633624358292266,162.7753424361043,47.09195464886963,20.851714513502017,162.77250856436564,35.50538081145478
0.5,0.0,9,190,918,769,0.26664624255916425,0.1950212018859683,922.8542791210419,61.52361860806946,10,0,17.945142637368072,62.35456954656486,17.133917783339626,162.79213224800108,46.72171705816071,19.554140303274856,162.78093757336953,35.99433573985846
0.5,0.5,0,191,915,761,0.26707351328738277,0.20095498947287543,912.2735147174233,60.81823431449489,10,0,17.725783823914114,61.82553132638392,14.141172898823,162.7816686775921,47.31625956308213,15.615574920138904,162.7683559102828,36.11120667533361
0.5,0.5,1,192,919,766,0.2667151100275815,0.19090295760582915,919.0918753041282,61.27279168694188,10,0,17.869729176804277,62.166449355719166,17.85887680182649,162.79707554685166,46.88451346622199,19.31913310901797,162.77607863381076,34.96800810332316
0.5,0.5,2,193,918,782,0.266145945059494,0.1881099878597237,939.5840550151484,62.63893700100989,10,0,18.286135167171615,63.19105834127017,20.916740229744065,162.77425416333386,48.05883377309923,21.139679379667896,162.7685135229132,35.92943125757131
0.5,0.5,3,194,914,777,0.2668547079547353,0.19630379100046091,932.0629835204694,62.13753223469796,10,0,18.118766117348986,62.815004766536234,17.760632076687337,162.79993930507078,46.25725973085054,21.135309793278246,162.78906947667582,37.636125101025996
0.5,0.5,4,195,913,773,0.26676220719117566,0.19925235879421724,927.4336066954619,61.828907113030795,10,0,18.03112022318207,62.583535925285844,17.82588691568377,162.7827349667633,47.20891734989368,18.652516868809528,162.7674480303629,37.07988002746943
0.5,0.5,5,196,913,771,0.2670175831569362,0.2019973480641219,924.3600197903412,61.62400131935608,10,0,17.962000659678047,62.42985658002982,18.398559790251667,162.7893609795793,46.53337689134865,19.59348595789374,162.77705462304385,36.71198853651421
0.5,0.5,6,197,915,784,0.26640608318449965,0.19452814853032546,941.3469058308301,62.756460388722004,10,0,18.311563527694343,63.27920088205426,19.70157440100601,162.7579881688926,48.381450249081844,20.272422989067366,162.7557668879587,36.604914035081556
0.5,0.5,7,198,917,769,0.26647277441143113,0.19195212363619735,923.2364982427009,61.549099882846726,10,0,17.957883274756703,62.373680502647815,20.196582689516926,162.79269964098108,46.74358378746474,20.255932859515106,162.77231404917336,35.35298802962108
0.5,0.5,8,199,921,772,0.26675645068575793,0.18931257369096574,926.1765640190164,61.74510426793442,10,0,18.005885467300555,62.52068379146358,18.357623130431044,162.7989825816674,47.205474221918095,19.871329049179018,162.78149638634721,35.53964507795546
0.5,0.5,9,200,916,757,0.26656564810593086,0.19618644458691706,908.6332675606366,60.575551170709105,10,0,17.671108918687892,61.64351896854458,14.722751502387077,162.7820236662027,47.2292820189973,15.90812165035229,162.78080403187445,35.07010512250157
0.5,1.0,0,201,915,776,0.26692962707838774,0.19676138749519642,930.634424350156,62.04229495667707,10,0,18.087814145005204,62.743576808020556,20.1790958497998,162.79365678972118,46.52339150922021,20.232486765444186,162.78557918249282,37.65303507372536
0.5,1.0,1,202,916,757,0.2675733635008191,0.19837851158354258,906.2889649938447,60.419264332922985,10,0,17.592965499794833,61.52630384020499,18.416161853646486,162.79699384642402,44.73381903238978,19.92686142314193,162.77728489974564,35.459734813357834
0.5,1.0,2,203,918,784,0.26634820027669903,0.1887765129305688,941.5818904315457,62.77212602876971,10,0,18.3193963477182,63.290950112090044,21.427325468252377,162.76556568294404,48.02708844702061,22.344346826398485,162.76171133979312,35.29451550021742
0.5,1.0,3,204,886,650,0.25762825956449886,0.1640573357883844,797.6089710814655,53.173931405431034,10,0,15.753632369382185,47.986376349329575,17.75553881930099,98.19728948966157,46.15435072382404,21.75219249971272,89.62828372111247,36.24270407817461
0.5,1.0,4,205,916,787,0.2665742382202482,0.19387821802948438,944.5847948535227,62.97231965690151,10,0,18.369493161784096,63.4410953331889,24.51157813265251,162.79177014872437,46.69567251293316,24.585779409168747,162.7804076583601,36.44794457254933
0.5,1.0,5,206,914,781,0.26661096730264644,0.19392976549631397,937.3499000780239,62.48999333853492,10,0,18.228330002600806,63.07935059441396,15.840209265084317,162.75584276180186,47.59597042313594,21.078631316264755,162.7532943616303,36.37288644790286
0.5,1.0,6,207,918,765,0.26682038769983696,0.1929703209581805,917.6547352200865,61.17698234800577,10,0,17.83849117400289,62.094592351517086,18.460913383320076,162.75580967941121,46.60860984279482,19.366655621207563,162.75413870305357,35.13494774773466
0.5,1.0,7,208,925,760,0.2665633911553479,0.18907124228480834,912.1415358162536,60.809435721083574,10,0,17.738051193875126,61.81893238132544,15.316925754384856,162.7898788160637,47.40805265791849,17.141997010656873,162.78423393991187,34.35232564022147
0.5,1.0,8,209,916,765,0.2668536260719332,0.19507285453550907,917.5337532620301,61.16891688413534,10,0,17.834458442067678,62.08854325361426,15.363015404439198,162.80106716800847,47.63738938071946,17.185041419556306,162.79795470801267,35.1849413790634
0.5,1.0,9,210,880,650,0.2578185348752559,0.16879308443727062,797.2281627096269,53.14854418064179,10,0,15.740938756987564,47.96733593073765,17.775501868861696,96.25361524428962,47.015120323182714,19.31246236871951,88.6564465984265,37.837530040176816
0.5,2.0,0,211,918,761,0.2668356257011844,0.19667796001452734,912.8312761162356,60.85541840774904,10,0,17.744375870541194,61.85341939632453,14.607685196512024,162.80074106740003,46.771576670514044,17.675378266398017,162.7965756961238,35.25198967807276
0.5,2.0,1,212,890,658,0.2568732681997162,0.1571244711301855,808.9196577241268,53.92797718160845,10,0,15.99732192413756,48.551910681462644,21.50008492351558,98.73136292065125,47.857614284445404,22.432545135506423,89.8953204366073,34.71645926630866
0.5,2.0,2,213,913,766,0.2670533681507135,0.20085740559746407,918.2920638518316,61.21947092345544,10,0,17.84306879506106,62.12645878310434,15.276005562351786,162.79185687134014,47.20532047842945,17.06013385235593,162.78774607868039,36.373773027626484
0.5,2.0,3,214,920,764,0.26682945511902284,0.19307407512817049,916.3995129812847,61.09330086541898,10,0,17.813317099376164,62.03183123957699,16.542279454256764,162.78190128008552,47.22793068594633,17.69139534572849,162.7687165923003,35.24318288796351
0.5,2.0,4,215,878,650,0.25805465228716234,0.16916298136286803,796.7882872738062,53.11921915158708,10,0,15.726276242460205,47.945342158946616,17.0388818764143,96.08723599730357,47.69057080597814,17.400680194692264,88.57325697493346,38.371632013151086
0.5,2.0,5,216,915,777,0.2673775112116337,0.1969804008945627,930.7600409485013,62.050669396566754,10,0,18.07533469828338,62.74985763793783,18.853210306685956,162.76911212697567,47.13348119428987,20.124161162789875,162.76116746209783,36.59699717622168
0.5,2.0,6,217,915,767,0.2665526269482021,0.19802359177080528,920.6600778568793,61.377338523791956,10,0,17.905335928562653,62.244859483356734,17.768439986588557,162.77141188621712,46.86864992591024,19.641177771313224,162.76598641582018,35.07983337782978
0.5,2.0,7,218,916,761,0.26731076702865797,0.19387293803116926,911.7825856605269,60.7855057107018,10,0,17.70941952201757,61.80098487353909,17.15272620434456,162.8006567407381,45.660179092678376,19.262989435279323,162.79222829395752,35.6293484531019
0.5,2.0,8,219,885,647,0.25744693341760844,0.16567595937489188,794.2261979475703,52.94841319650469,10,0,15.690873264919015,47.817237692634826,18.94263146451761,99.54287969587183,46.19929401377969,19.30776848978029,90.3010788242176,37.07875312161684
0.5,2.0,9,220,922,765,0.26651445949164454,0.19067728845759876,918.2771250007099,61.21847500004733,10,0,17.859237500023674,62.12571184054825,18.973695578838804,162.78669517740013,46.417539658000365,20.252846821030335,162.7752541701925,34.76537889551768
0.75,0.0,0,221,910,780,0.2666870087537575,0.20251043072979133,935.9849598180721,62.3989973212048,10,0,18.19949866060241,63.01110358141635,20.791489477366657,162.77786484421605,47.180493736020864,21.460391077095583,162.76319581092037,36.470943547024106
0.75,0.0,1,222,915,769,0.26700559044049044,0.19924439314939826,922.0588825445947,61.470592169639644,10,0,17.918629418153166,62.31479971774248,18.947754518143856,162.79851818300511,46.3268033337559,20.17662241898489,162.77562141616434,35.968148086051414
0.75,0.0,2,223,914,788,0.2665857652467635,0.1966771781238195,945.8195729185009,63.05463819456672,10,0,18.393985763950035,63.5028342364378,22.686267994161636,162.77526813382946,47.05972338684941,23.286066517689136,162.77318294404978,37.33547494675125
0.75,0.0,3,224,917,778,0.2668881724075505,0.19195709016021015,933.057181162617,62.2038120775078,10,0,18.13523937208724,62.86471464864361,21.35154780281818,162.77821033249856,46.667954946246674,22.296579735214106,162.7641342573089,35.92694935820168
0.75,0.0,4,225,909,779,0.26656447579457515,0.20509853633176675,935.0718571266726,62.33812380844484,10,0,18.185728570889093,62.965448446846395,18.34827168753132,162.8005936880001,48.00199930408157,19.308477667023634,162.7773601334909,36.73740582555426
0.75,0.0,5,226,920,764,0.26676021465984956,0.19360816868585662,916.6187437970854,61.107916253139024,10,0,17.820624793236185,62.04279278036704,14.83046986898034,162.78226840655014,47.222053702912056,18.138839090108483,162.7747673425689,34.856250063333675
0.75,0.0,6,227,886,654,0.258122641302946,0.1628732756768901,801.5000008964762,53.433333393098415,10,0,15.816666696549209,48.180927840080116,20.120171986838717,96.71684593469547,46.25260182694021,22.275801194524888,88.88806194362942,37.23557240836587
0.75,0.0,7,228,884,644,0.25849187500256354,0.16589684320422696,788.5732483026471,52.571549886843144,10,0,15.552441610088241,47.53459021038866,20.247469540317123,97.44098254580294,45.61077172160838,20.51181715203082,89.25013024918314,36.68946020751257
0.75,0.0,8,229,916,776,0.26708672115185195,0.19478848037342283,930.2777619831907,62.01851746554605,10,0,18.075925399439694,62.725743689672285,19.572443785782472,162.79974272734893,46.812439376814766,19.927348976431013,162.7984821617133,37.27800855658758
0.75,0.0,9,230,910,775,0.2671221989550169,0.20621389090789458,928.8800409582107,61.925336063880714,10,0,18.0460013652737,62.6558576384233,19.652595212789613,162.7914009421226,45.81799343522611,21.49433919982708,162.77884665850797,37.37011546332921
0.75,0.5,0,231,924,762,0.26628757573539,0.18368268700819307,915.2486018390712,61.01657345593808,10,0,17.808286727969048,61.97428568246632,20.241355796271137,162.78424645508662,46.90360078071552,20.85594979137575,162.78232851133302,32.42594854819181
0.75,0.5,1,232,919,782,0.26632689429622913,0.1865218953382898,939.2593419373978,62.61728946249319,10,0,18.275311397913267,63.17482268738265,21.509988574968563,162.79727085971714,47.59508267659366,22.05094038061823,162.77481976971413,35.85818793339358
0.75,0.5,2,233,915,770,0.26651747746281934,0.19892960989361694,924.2951880647403,61.61967920431602,10,0,17.976506268824682,62.42661499374977,19.606646148196944,162.75660996946706,46.59548471898468,19.642151067042235,162.75645179715067,36.543502666586605
0.75,0.5,3,234,920,765,0.2668963564730189,0.19320051450699172,917.4079892022287,61.16053261348191,10,0,17.83026630674096,62.08225505062419,20.702115670452475,162.79021553892798,46.4099068964385,21.10859727031847,162.78270463828625,33.70015955163922
0.75,0.5,4,235,916,760,0.2667869787437874,0.19971207082427964,911.7136210139979,60.78090806759986,10,0,17.723787367133273,61.79753664121265,14.123818391748252,162.78595722712134,46.70915433248509,16.857137004861123,162.76844309629632,35.94379443993566
0.75,0.5,5,236,921,759,0.2658758723290934,0.18467822553471044,912.0405529575019,60.802703530500125,10,0,17.75135176525007,61.26618541438402,18.93597840948929,157.32245505024662,47.17691448370972,20.479900804481428,157.30809592661507,34.18910137340418
0.75,0.5,6,237,920,762,0.26647528688132216,0.18954009822179194,914.8621909364048,60.990812729093655,10,0,17.79540636454683,61.954965137333,17.110428008103195,162.78988571799053,47.07709814078862,18.71274226104852,162.78598001388355,34.12190713015568
0.75,0.5,7,238,912,769,0.26682547990939215,0.2025501833521152,922.429142119874,61.49527614132493,10,0,17.930971403995805,62.33331269650646,14.682519900414908,162.75355585986867,47.37663172055182,16.81946712316583,162.7521375588855,37.34169535937734
0.75,0.5,8,239,918,762,0.26726151657312847,0.1941444934762142,913.0298208037929,60.868654720252856,10,0,17.734327360126436,61.8633466307024,16.521976156896894,162.7965691135641,45.87890509935387,18.9343258419143,162.78394248929789,35.84065462359206
0.75,0.5,9,240,923,754,0.26696856213939235,0.1914874186309266,904.1342893217193,60.27561928811462,10,0,17.57114297739065,61.41857005659873,16.0440421139105,162.77311500237468,45.69320664469319,17.876147271810183,162.77003713286226,35.060252588934816
0.75,1.0,0,241,922,764,0.267032834604121,0.18985043045880998,915.9710848990447,61.06473899326965,10,0,17.799036163301498,62.010409835465,19.613835875942776,162.7931179798251,45.81167466857765,20.51367970294153,162.78776138935189,35.12725874787624
0.75,1.0,1,242,918,762,0.26718964261612255,0.19635125332017592,913.2875717467474,60.885838116449825,10,0,17.74291905822492,61.87623417785013,15.889644052176475,162.80205674329008,46.25022355902557,17.451868011172195,162.79776799361136,36.63108776641594
0.75,1.0,2,243,889,650,0.2577395918038068,0.16105310093904485,797.3019560258266,53.153463735055105,10,0,15.743398534194224,47.97102559654764,20.83717200950417,98.74835775206833,46.66050239231403,21.385301279195644,89.90381785231585,35.24500406659864
0.75,1.0,3,244,919,768,0.2658225589231877,0.1881329750427971,922.9771261499071,61.53180840999381,10,0,17.96590420499691,61.813014074004286,19.60731810782764,157.29004388745625,47.38126658341318,21.161815626945664,157.28648636735392,35.854235208895474
0.75,1.0,4,245,913,768,0.2665357928076511,0.20019138535191844,921.9192938060038,61.46128625373358,10,0,17.9306431268668,62.30782028081295,19.025112997930766,162.77122899530147,47.07088976866557,19.313630729526075,162.76238233016204,35.32130880704548
0.75,1.0,5,246,917,765,0.2663953418225661,0.19323249936017398,918.5965684887169,61.23977123258113,10,0,17.869885616290567,62.1416840149486,15.255504064099721,162.76794518528428,47.366999284813865,18.69544362798433,162.76205417117427,34.51692370595666
0.75,1.0,6,247,915,765,0.26717833499046545,0.19821262292395575,916.8307072890003,61.12204715260002,10,0,17.811023576300016,62.053390954962765,17.717723857766824,162.76684819572546,46.0501029137048,19.574874653141066,162.75808069749252,35.83379359677068
0.75,1.0,7,248,917,770,0.266876882901066,0.19318181844158772,923.5971248233051,61.573141654887,10,0,17.953237494110176,62.391711831678,19.042806113642346,162.80041974930901,46.66038544989542,20.54643620936194,162.79147658138947,35.299875467847784
0.75,1.0,8,249,913,775,0.26708296001798254,0.19802896747297918,929.021162139101,61.93474414260673,10,0,18.05070540463671,62.66291369746781,19.537821217426583,162.77067252240732,47.1493635063713,19.876430878607948,162.7634153269443,36.375995269044154
0.75,1.0,9,250,913,791,0.2665680697205616,0.19296028519241382,949.5176149512685,63.301174330084564,10,0,18.467253831708955,63.687736338076185,22.160877674277895,162.78855309802526,47.330895378186916,23.957153699788353,162.7704512357294,37.04928599848931
0.75,2.0,0,251,916,768,0.2672745516778635,0.19985644588546894,920.2386326319088,61.34924217546059,10,0,17.8746210877303,62.22378722210819,17.101417629197197,162.7568261217069,47.11247977766159,17.718373168804142,162.75508362586487,36.420519760548785
0.75,2.0,1,252,889,642,0.25761297342430595,0.1626052224332806,787.8440635288462,52.52293756858975,10,0,15.561468784294878,47.498130971698615,17.822979541865617,97.32270564640189,47.16856562515456,19.307079421172332,89.19099179948262,34.65545238752898
0.75,2.0,2,253,888,642,0.25793706469326805,0.16423719740652495,787.2901007694628,52.48600671796419,10,0,15.5430033589821,47.47043283372945,16.578112618611918,98.78647477410067,46.167965694741355,18.977337931315642,89.92287636333202,36.11601848451685
0.75,2.0,3,254,919,770,0.2663507047832049,0.1930075633852362,924.7497869866843,61.64998579911229,10,0,17.991659566222815,62.449344939846966,18.384380332338495,162.79326246035848,47.35649548509596,19.320952942233443,162.79063280528453,35.42214798152497
0.75,2.0,4,255,920,774,0.2662886640041529,0.18665678252355283,929.5939309082333,61.97292872721555,10,0,18.08646436360778,62.691552135924425,19.599049478446286,162.78031524123435,47.38967913601445,21.11110244225393,162.77567010981414,34.791629855525144
0.75,2.0,5,256,914,776,0.2669148348707149,0.19953988779763307,930.598278767321,62.03988525115473,10,0,18.08660929224404,62.741769528878805,19.63485964181444,162.77021050077394,46.639494144029115,20.20512698673348,162.7587763161141,37.46595605348821
0.75,2.0,6,257,891,635,0.2568673401653471,0.16572839353120428,780.7049412717342,52.046996084782286,10,0,15.440164709057814,47.14117485884303,17.242794409328198,97.50013469471908,46.92369399906601,18.40159345245921,89.27970632364122,34.17718651998268
0.75,2.0,7,258,914,776,0.26681093383684623,0.19729489428948893,930.8747111349993,62.05831407566662,10,0,18.09582370449998,62.75559114726271,15.847958479731412,162.77624332090292,47.04568852054387,19.2465398195172,162.76469678076626,37.67534209494241
0.75,2.0,8,259,918,767,0.26644689958437456,0.19428737604572993,920.8946060424815,61.39297373616544,10,0,17.91315353474939,62.256585892636835,16.576237090159623,162.79891266576635,47.17879214707102,18.74202824530171,162.78115573177686,35.40216119196357
0.75,2.0,9,260,916,782,0.2665001003321254,0.19049035768343922,938.7381456916269,62.582543046108455,10,0,18.257938189720903,63.14876287509411,18.237931649724153,162.77587850737046,47.72388541145429,22.023821407097945,162.76408188566086,35.508140259803135
1.0,0.0,0,261,918,757,0.26693551801530124,0.1965412858048989,907.7058827234813,60.51372551489875,10,0,17.640196090782716,61.59714972668682,14.73493327760214,162.78498583912756,46.3990854487046,16.5858320950235,162.78186860998983,35.819877031011615
1.0,0.0,1,262,887,621,0.2580796296283118,0.17020197959193942,761.2221885635367,50.748145904235784,10,0,15.024072952117894,46.167037223433155,16.441330464222133,96.86830289211115,44.716543184351444,17.393521785023196,88.96379042233725,35.04478754110242
1.0,0.0,2,263,917,780,0.26666673588520573,0.19000036480718038,936.0194897594313,62.40129931729542,10,0,18.200649658647716,63.01283007848433,19.601112404650085,162.79806602454352,47.35068416456215,21.396329581205656,162.79194734350165,36.17450513859004
1.0,0.0,3,264,916,770,0.26709396286748893,0.19513084181702914,922.9778986169673,61.53185990779782,10,0,17.932596620565583,62.360750521361126,19.644348500294356,162.7917373054023,45.71852175380794,20.82040757234219,162.78531549670896,36.7609860301386
1.0,0.0,4,265,887,634,0.2568608651136255,0.1675614620657992,779.5353034876109,51.9690202325074,10,0,15.41784344958703,47.08269296963685,15.215451527604879,99.51814046209587,46.178092815090594,17.76384031938036,90.28870920732962,35.00472969129309
1.0,0.0,5,266,920,780,0.26679289044722154,0.18514416626815175,935.6964357292406,62.37976238194938,10,0,18.189881190974695,62.99667737697479,20.157283246449744,162.78848361421197,47.16536731688079,22.996201658949328,162.787794504712,34.86865608745103
1.0,0.0,6,267,912,794,0.2667715029430333,0.19771470118113424,952.5356413011832,63.50237608674555,10,0,18.51785471003945,63.83863765557193,23.17962425728044,162.8016511906925,47.324990092102,23.222923851385765,162.78631150132713,38.533972740942716
1.0,0.0,7,268,911,776,0.26688378767645593,0.2032540287957834,930.7178289865661,62.04785526577108,10,0,18.090594299552215,62.747747039841066,19.665027764136063,162.77030813105503,47.05162408394905,20.540884979930837,162.76882597801205,36.32577607336435
1.0,0.0,8,269,912,764,0.26705274332458934,0.20465637416674906,915.8836654421898,61.05891102947932,10,0,17.796122181406332,62.006038862622255,12.788641657765762,162.77633569076806,46.700598529270415,16.4971675016484,162.76889425968344,37.3629354932386
1.0,0.0,9,270,888,651,0.2575367563792272,0.1613057841141113,798.9434467196754,53.26289644797836,10,0,15.781448223989182,48.05310013124008,18.27721430122535,100.05337860931988,46.852845303026264,19.595114834024255,90.55632828094161,36.40836693518199
1.0,0.5,0,271,916,770,0.2670606335820588,0.19521900711518164,923.0688027872625,61.5379201858175,10,0,17.935626759575424,62.36529572987588,17.135732710803616,162.78311362584006,46.999655169257366,18.380682736289394,162.76568225924638,36.6808033153289
1.0,0.5,1,272,914,773,0.26664553749165926,0.1974574343116545,927.6607634641115,61.84405089760743,10,0,18.03869211547039,62.59489376371833,16.413848943129224,162.80163656289156,46.93965737662458,19.620847532608835,162.77609881051146,36.69820772222223
1.0,0.5,2,273,914,782,0.2664841081958663,0.20071150693921466,938.8220501188838,62.588136674592256,10,0,18.2607350039628,63.15295809645696,15.95408187116996,162.7901844310248,48.53226149659886,19.919454013209275,162.78199672402195,35.99881675185584
1.0,0.5,3,274,914,781,0.26725350337051995,0.19827765688994278,935.8810930777066,62.392072871847105,10,0,18.179369769256894,63.005910244398095,21.40286895096123,162.79492661899855,46.36800805799179,22.022132268237655,162.77860611869224,37.49279671907699
1.0,0.5,4,275,921,768,0.2666007256115292,0.18994944178140485,921.761169856986,61.450744657132404,10,0,17.92537232856621,62.29991408336207,17.17654257333454,162.80098398591105,46.696304923889194,21.11766752604847,162.79719480212412,34.192098240859316
1.0,0.5,5,276,915,771,0.2671556317736769,0.1962628464693549,924.0895774276428,61.60597182850952,10,0,17.952985914254768,62.416334461894905,15.87134129371944,162.78358045756605,46.648285394900334,19.902066746218907,162.77336900821405,36.10966576524089
1.0,0.5,6,277,919,761,0.2671655064640392,0.19299068711155287,912.1164354016856,60.80776236011238,10,0,17.72054784672286,61.817677360597045,17.14979725468256,162.79209641578527,46.66235304723075,18.057479170348586,162.7920568335302,34.914144704644904
1.0,0.5,7,278,885,640,0.25738402035938956,0.16766093977179328,785.7798499001753,52.38532332667835,10,0,15.525994996672514,47.39492029026508,18.344452923744477,97.51815651829511,45.781269012989114,20.194543991086025,89.28871723542923,35.928802198831875
1.0,0.5,8,279,889,637,0.25666338428100177,0.16739408371397602,783.4296908242483,52.228646054949884,10,0,15.497656360808275,47.277412336468714,13.504420921947641,99.58014603677248,46.75047493458269,15.98220112900603,90.31971199466793,36.58419868950426
1.0,0.5,9,280,911,775,0.26715283637954307,0.20392573433159716,928.886288848392,61.9257525898928,10,0,18.046209628279744,62.65617003293236,15.935317419100592,162.75129929944512,46.54799203735068,20.22969073776608,162.7506632834947,37.20451206869966
1.0,1.0,0,281,920,753,0.2676712687238203,0.19731274399938065,901.3592659591038,60.09061773060692,10,0,17.495308865303468,61.27981888846794,16.528597447415486,162.766576927334,45.222821696207355,17.71495619590128,162.76521733593694,35.47327751808679
1.0,1.0,1,282,911,766,0.2670830803532766,0.2040702397924051,918.3306280430679,61.22204186953786,10,0,17.844354268102272,62.128386992666165,15.275842884040157,162.7873732853087,46.281419682051165,17.68505168558508,162.77995135309902,37.61409256054433
1.0,1.0,2,283,919,763,0.2666458002103435,0.19427485049690815,915.6333415359195,61.0422227690613,10,0,17.804444717863987,61.99352266730873,16.502561978848117,162.79258382517548,47.26767727013928,16.53455245865578,162.77199383191794,36.1257125056914
1.0,1.0,3,284,918,768,0.2668154774057754,0.19373003838692374,921.2639725492929,61.41759816995286,10,0,17.908799084976437,62.2750542179774,18.550451735537976,162.77581649536683,46.801523307279545,18.785618555864104,162.771717513285,36.2148884061788
1.0,1.0,4,285,891,646,0.2570211355802311,0.1622184582984742,793.8642715752547,52.92428477168365,10,0,15.69547571917516,47.799141374019044,19.68453281597128,100.1296718698345,47.13734455433225,19.930392418394398,90.59447491119893,34.19615043183738
1.0,1.0,5,286,918,776,0.2673894814172642,0.19357676267255552,929.5178505856474,61.96785670570982,10,0,18.050595019521587,62.68774811979513,20.283369730557816,162.79612045328872,46.10914038280045,21.75266168456585,162.78555673130205,36.68224141750683
1.0,1.0,6,287,920,774,0.26623230398888226,0.19036104428737546,929.7880040615853,61.98586693743902,10,0,18.092933468719515,62.70125579359203,19.578198908648794,162.78618486440885,48.16169576660398,19.913802702619535,162.7714622352426,34.49762249689006
1.0,1.0,7,288,887,641,0.2573176403803648,0.16619851882107048,787.2039239349757,52.48026159566505,10,0,15.556797464499194,47.466123992005095,18.340002263026264,97.47146195643552,46.85482608417846,18.730268173602884,89.26536995449945,35.625329663566205
1.0,1.0,8,289,886,647,0.2575605272135171,0.165824924425671,794.0391859414649,52.93594572943099,10,0,15.684639531382164,47.80788709232955,16.505016981877482,96.04376593416565,46.730059478789094,19.811615904597268,88.5515219433645,37.216178656107786
1.0,1.0,9,290,888,644,0.2570122067112228,0.16411748380221855,791.4083198682181,52.76055465788121,10,0,15.646943995607273,47.67634378866721,20.169404126205585,99.46909848594036,45.90894233435313,21.794584205324718,90.26418821925186,34.505061850053224
1.0,2.0,0,291,915,773,0.26677740761692487,0.1987741241548981,927.3012067101565,61.82008044734377,10,0,18.026706890338556,62.57691592602058,18.245737705902098,162.8012106235276,47.4561339131575,18.580363486648707,162.77698495121837,36.61496336592086
1.0,2.0,1,292,915,758,0.2673243405657601,0.19587091333850412,908.224088868236,60.548272591215735,10,0,17.64080296227454,61.623060033924546,18.2968673689701,162.7978551696521,45.89941960128833,18.314159233355973,162.77702324396608,35.22527848972407
1.0,2.0,2,293,888,638,0.2576732525717962,0.16738424161837212,782.9191323600749,52.19460882400499,10,0,15.463971078669166,47.25188441326004,17.673085847366174,96.80705957392225,45.913156193967986,18.602362428669046,88.9331687632428,36.89757848645242
1.0,2.0,3,294,917,766,0.26671013788868464,0.1967354754230506,919.0358369349839,61.269055795665594,10,0,17.86786123116614,62.16364743726196,17.762410556863244,162.79831139627527,47.02044802829881,18.412773277648455,162.7855555194899,35.57901233257378
1.0,2.0,4,295,915,769,0.2665167757929104,0.1982903065816247,923.1361484453674,61.54240989635783,10,0,17.954538281512257,62.368663012781134,19.614825715383507,162.7989220120855,46.11481055273688,20.842555656948235,162.78056944823868,35.99056885324501
1.0,2.0,5,296,913,778,0.266746572581877,0.19709121926998668,933.4429912266885,62.2295327484459,10,0,18.14809970755629,62.88400515184719,19.540976506046153,162.79774392053952,47.3850839718554,19.848975476625796,162.77970016656843,37.02118217233093
1.0,2.0,6,297,887,652,0.25763093785616537,0.16248928044050875,800.0917026653042,53.33944684435361,10,0,15.803056755510141,48.110512928521516,18.35053983258779,98.78859982401445,46.781658886239576,20.884683403163883,89.92393888828892,36.18062457867563
1.0,2.0,7,298,910,765,0.2669743529702666,0.20931409703903983,917.30951320741,61.15396754716066,10,0,17.82698377358034,62.07733125088326,16.006279926289025,162.7661951654862,46.06670176426995,17.23708411854782,162.76297365751878,38.2531949498098
1.0,2.0,8,299,890,636,0.2570197944195019,0.16418033463433032,781.5603059733131,52.104020398220875,10,0,15.452010199110441,47.18394309392196,17.853182523902685,98.25908510105967,46.240662113530675,19.37880912095812,89.65918152681152,34.40040059477882
1.0,2.0,9,300,920,766,0.2670682477195404,0.19024812753134465,918.3267707349263,61.221784715661755,10,0,17.844225691164215,62.12819412725908,19.66867255818815,162.78538793164586,46.44752170453545,20.511218819802302,162.76816256094762,34.466545846474574
